breadcrumbs,name,brand,listing_price,offer_price,discount,image,id,size,product_description,url
"Men,New Arrivals",,, ,,,,,,,https://www.mytheresa.com/int/en/men/new-arrivals/current-week
"Men,Shoes,Sneakers",,, , ,40% off,,,,,https://www.mytheresa.com/int/en/men/shoes/sneakers/high-top
"Men,Shoes,Sneakers",,, , ,30% off,,,,,https://www.mytheresa.com/int/en/men/shoes/sneakers/designer-sneakers
"Men,Shoes,Sneakers",,, , ,30% off,,,,,https://www.mytheresa.com/int/en/men/shoes/sneakers/low-top
"Men,Shoes",,, , ,30% off,,,,,https://www.mytheresa.com/int/en/men/shoes/sneakers
"Men,Shoes",,, , ,30% off,,,,,https://www.mytheresa.com/int/en/men/shoes/slippers
"Men,Shoes,Sneakers",,, , ,30% off,,,,,https://www.mytheresa.com/int/en/men/shoes/sneakers/sports-sneakers
"Men,Shoes,Sneakers",,, , ,30% off,,,,,https://www.mytheresa.com/int/en/men/shoes/sneakers/classic-sneakers
"Men,Shoes",,, , ,30% off,,,,,https://www.mytheresa.com/int/en/men/shoes/sandals-slides
"Men,Shoes,Formal shoes",,, , ,50% off,,,,,https://www.mytheresa.com/int/en/men/shoes/formal-shoes/monk-strap
"Men,Shoes,Formal shoes",,, , ,40% off,,,,,https://www.mytheresa.com/int/en/men/shoes/formal-shoes/oxford
"Men,Shoes,Formal shoes",,, , ,30% off,,,,,https://www.mytheresa.com/int/en/men/shoes/formal-shoes/brogues
"Men,Designers,Valentino Garavani,Shoes,Formal shoes,Loafers",,Rockstud Essential leather loafers, , ,40% off,"https://img.mytheresa.com/1094/1238/100/jpeg/catalog/product/5d/P00882635.jpg,https://img.mytheresa.com/1094/1238/100/jpeg/catalog/product/5d/P00882635_b1.jpg,https://img.mytheresa.com/1094/1238/100/jpeg/catalog/product/5d/P00882635_b2.jpg,https://img.mytheresa.com/1094/1238/100/jpeg/catalog/product/5d/P00882635_d1.jpg,https://img.mytheresa.com/1094/1238/100/jpeg/catalog/product/5d/P00882635_d2.jpg,https://img.mytheresa.com/1094/1238/100/jpeg/catalog/product/5d/P00882635_d3.jpg,https://img.mytheresa.com/1094/1238/100/jpeg/catalog/product/5d/P00882635_d4.jpg,https://img.mytheresa.com/1094/1238/100/jpeg/catalog/product/5d/P00882635.jpg,https://img.mytheresa.com/1094/1238/100/jpeg/catalog/product/5d/P00882635_b1.jpg,https://img.mytheresa.com/1094/1238/100/jpeg/catalog/product/5d/P00882635_b2.jpg,https://img.mytheresa.com/1094/1238/100/jpeg/catalog/product/5d/P00882635_d1.jpg,https://img.mytheresa.com/1094/1238/100/jpeg/catalog/product/5d/P00882635_d2.jpg,https://img.mytheresa.com/1094/1238/100/jpeg/catalog/product/5d/P00882635_d3.jpg,https://img.mytheresa.com/1094/1238/100/jpeg/catalog/product/5d/P00882635_d4.jpg",,,"Upper: calf leather,Lining: leather,Sole: leather insole, rubber sole,Toe shape: round toe,Made in Italy,Includes: shoe box, dust bag,Item number: P00882635,True to size,Half sizes please take the next size up,European sizes,Consult our ",https://www.mytheresa.com/int/en/men/valentino-garavani-rockstud-essential-leather-loafers-black-p00882635
"Men,Designers,Lemaire,Shoes,Slippers",,Leather slippers, , ,30% off,"https://img.mytheresa.com/1094/1238/100/jpeg/catalog/product/e0/P00883786.jpg,https://img.mytheresa.com/1094/1238/100/jpeg/catalog/product/e0/P00883786_b1.jpg,https://img.mytheresa.com/1094/1238/100/jpeg/catalog/product/e0/P00883786_b2.jpg,https://img.mytheresa.com/1094/1238/100/jpeg/catalog/product/e0/P00883786_d1.jpg,https://img.mytheresa.com/1094/1238/100/jpeg/catalog/product/e0/P00883786_d2.jpg,https://img.mytheresa.com/1094/1238/100/jpeg/catalog/product/e0/P00883786_d3.jpg,https://img.mytheresa.com/1094/1238/100/jpeg/catalog/product/e0/P00883786_d4.jpg,https://img.mytheresa.com/1094/1238/100/jpeg/catalog/product/e0/P00883786.jpg,https://img.mytheresa.com/1094/1238/100/jpeg/catalog/product/e0/P00883786_b1.jpg,https://img.mytheresa.com/1094/1238/100/jpeg/catalog/product/e0/P00883786_b2.jpg,https://img.mytheresa.com/1094/1238/100/jpeg/catalog/product/e0/P00883786_d1.jpg,https://img.mytheresa.com/1094/1238/100/jpeg/catalog/product/e0/P00883786_d2.jpg,https://img.mytheresa.com/1094/1238/100/jpeg/catalog/product/e0/P00883786_d3.jpg,https://img.mytheresa.com/1094/1238/100/jpeg/catalog/product/e0/P00883786_d4.jpg",Item number: P00883786,,"Upper: leather,Lining: leather,Sole: leather insole and sole,Toe shape: round toe,Made in Portugal,Includes: dust bag,Designer color name: Dark Brown,Item number: P00883786,Fits small to size - we recommend trying one size larger,European sizes,Consult our ",https://www.mytheresa.com/int/en/men/lemaire-leather-slippers-brown-p00883786
"Men,Designers,Sacai,Shoes,Derby Shoes",,Leather platform Derby shoes, , ,30% off,"https://img.mytheresa.com/1094/1238/100/jpeg/catalog/product/ec/P00892651.jpg,https://img.mytheresa.com/1094/1238/100/jpeg/catalog/product/ec/P00892651_b1.jpg,https://img.mytheresa.com/1094/1238/100/jpeg/catalog/product/ec/P00892651_b2.jpg,https://img.mytheresa.com/1094/1238/100/jpeg/catalog/product/ec/P00892651_d1.jpg,https://img.mytheresa.com/1094/1238/100/jpeg/catalog/product/ec/P00892651_d2.jpg,https://img.mytheresa.com/1094/1238/100/jpeg/catalog/product/ec/P00892651_d3.jpg,https://img.mytheresa.com/1094/1238/100/jpeg/catalog/product/ec/P00892651_d4.jpg,https://img.mytheresa.com/1094/1238/100/jpeg/catalog/product/ec/P00892651.jpg,https://img.mytheresa.com/1094/1238/100/jpeg/catalog/product/ec/P00892651_b1.jpg,https://img.mytheresa.com/1094/1238/100/jpeg/catalog/product/ec/P00892651_b2.jpg,https://img.mytheresa.com/1094/1238/100/jpeg/catalog/product/ec/P00892651_d1.jpg,https://img.mytheresa.com/1094/1238/100/jpeg/catalog/product/ec/P00892651_d2.jpg,https://img.mytheresa.com/1094/1238/100/jpeg/catalog/product/ec/P00892651_d3.jpg,https://img.mytheresa.com/1094/1238/100/jpeg/catalog/product/ec/P00892651_d4.jpg",,,"Upper: calf leather,Lining: leather,Sole: leather insole, rubber sole,Toe shape: round toe,Made in Japan,Includes: shoe box, dust bag,Item number: P00892651,True to size,Half sizes please take the next size down,European sizes,8,5cm-3.5"" platform,Consult our ",https://www.mytheresa.com/int/en/men/sacai-leather-platform-derby-shoes-black-p00892651
"Men,Designers,Tom Ford,Shoes,Sneakers,Low-Top",,Cambridge suede sneakers, , ,40% off,"https://img.mytheresa.com/1094/1238/100/jpeg/catalog/product/79/P00885387.jpg,https://img.mytheresa.com/1094/1238/100/jpeg/catalog/product/79/P00885387_b1.jpg,https://img.mytheresa.com/1094/1238/100/jpeg/catalog/product/79/P00885387_b2.jpg,https://img.mytheresa.com/1094/1238/100/jpeg/catalog/product/79/P00885387_d1.jpg,https://img.mytheresa.com/1094/1238/100/jpeg/catalog/product/79/P00885387_d2.jpg,https://img.mytheresa.com/1094/1238/100/jpeg/catalog/product/79/P00885387_d3.jpg,https://img.mytheresa.com/1094/1238/100/jpeg/catalog/product/79/P00885387_d4.jpg,https://img.mytheresa.com/1094/1238/100/jpeg/catalog/product/79/P00885387.jpg,https://img.mytheresa.com/1094/1238/100/jpeg/catalog/product/79/P00885387_b1.jpg,https://img.mytheresa.com/1094/1238/100/jpeg/catalog/product/79/P00885387_b2.jpg,https://img.mytheresa.com/1094/1238/100/jpeg/catalog/product/79/P00885387_d1.jpg,https://img.mytheresa.com/1094/1238/100/jpeg/catalog/product/79/P00885387_d2.jpg,https://img.mytheresa.com/1094/1238/100/jpeg/catalog/product/79/P00885387_d3.jpg,https://img.mytheresa.com/1094/1238/100/jpeg/catalog/product/79/P00885387_d4.jpg",Closure: lace-up,,"Upper: calf leather,Lining: leather,Sole: leather insole, rubber sole,Toe shape: round toe,Made in Italy,Includes: shoe box, dust bag,Designer color name: Beech Green+Cream,Closure: lace-up,Item number: P00885387,True to size,Half sizes please take the next size down,UK sizes,Consult our ",https://www.mytheresa.com/int/en/men/tom-ford-cambridge-suede-sneakers-green-p00885387
"Men,Designers,Brunello Cucinelli,Shoes,Formal shoes,Brogues",,Suede longwing brogues, , ,30% off,"https://img.mytheresa.com/1094/1238/100/jpeg/catalog/product/94/P00895833.jpg,https://img.mytheresa.com/1094/1238/100/jpeg/catalog/product/94/P00895833_b1.jpg,https://img.mytheresa.com/1094/1238/100/jpeg/catalog/product/94/P00895833_b2.jpg,https://img.mytheresa.com/1094/1238/100/jpeg/catalog/product/94/P00895833_d1.jpg,https://img.mytheresa.com/1094/1238/100/jpeg/catalog/product/94/P00895833_d2.jpg,https://img.mytheresa.com/1094/1238/100/jpeg/catalog/product/94/P00895833_d3.jpg,https://img.mytheresa.com/1094/1238/100/jpeg/catalog/product/94/P00895833_d4.jpg,https://img.mytheresa.com/1094/1238/100/jpeg/catalog/product/94/P00895833.jpg,https://img.mytheresa.com/1094/1238/100/jpeg/catalog/product/94/P00895833_b1.jpg,https://img.mytheresa.com/1094/1238/100/jpeg/catalog/product/94/P00895833_b2.jpg,https://img.mytheresa.com/1094/1238/100/jpeg/catalog/product/94/P00895833_d1.jpg,https://img.mytheresa.com/1094/1238/100/jpeg/catalog/product/94/P00895833_d2.jpg,https://img.mytheresa.com/1094/1238/100/jpeg/catalog/product/94/P00895833_d3.jpg,https://img.mytheresa.com/1094/1238/100/jpeg/catalog/product/94/P00895833_d4.jpg",Item number: P00895833,,"Upper: suede,Lining: leather,Sole: leather insole, leather and rubber sole,Toe shape: round toe,Made in Italy,Includes: shoe box, dust bags,Closure: lace-up,Item number: P00895833,True to size,Half sizes please take the next size down,European sizes,Consult our ",https://www.mytheresa.com/int/en/men/brunello-cucinelli-suede-longwing-brogues-brown-p00895833
"Men,Designers,Acne Studios,Shoes,Sneakers,Low-Top",,Low-top leather sneakers, , ,40% off,"https://img.mytheresa.com/1094/1238/100/jpeg/catalog/product/28/P00882163.jpg,https://img.mytheresa.com/1094/1238/100/jpeg/catalog/product/28/P00882163_b1.jpg,https://img.mytheresa.com/1094/1238/100/jpeg/catalog/product/28/P00882163_b2.jpg,https://img.mytheresa.com/1094/1238/100/jpeg/catalog/product/28/P00882163_d1.jpg,https://img.mytheresa.com/1094/1238/100/jpeg/catalog/product/28/P00882163_d2.jpg,https://img.mytheresa.com/1094/1238/100/jpeg/catalog/product/28/P00882163_d3.jpg,https://img.mytheresa.com/1094/1238/100/jpeg/catalog/product/28/P00882163_d4.jpg,https://img.mytheresa.com/1094/1238/100/jpeg/catalog/product/28/P00882163.jpg,https://img.mytheresa.com/1094/1238/100/jpeg/catalog/product/28/P00882163_b1.jpg,https://img.mytheresa.com/1094/1238/100/jpeg/catalog/product/28/P00882163_b2.jpg,https://img.mytheresa.com/1094/1238/100/jpeg/catalog/product/28/P00882163_d1.jpg,https://img.mytheresa.com/1094/1238/100/jpeg/catalog/product/28/P00882163_d2.jpg,https://img.mytheresa.com/1094/1238/100/jpeg/catalog/product/28/P00882163_d3.jpg,https://img.mytheresa.com/1094/1238/100/jpeg/catalog/product/28/P00882163_d4.jpg",Item number: P00882163,,"Upper: calf leather,Lining: fabric,Sole: fabric insole, rubber sole,Toe shape: round toe,Made in Italy,Includes: shoe box, dust bags,Closure: lace-up,Item number: P00882163,True to size,Half sizes please take the next size up,European sizes,Consult our ",https://www.mytheresa.com/int/en/men/acne-studios-low-top-leather-sneakers-white-p00882163
"Men,Designers,Acne Studios,Shoes,Sneakers,Low-Top",,Perey Cities leather sneakers, , ,30% off,"https://img.mytheresa.com/1094/1238/100/jpeg/catalog/product/bf/P00880726.jpg,https://img.mytheresa.com/1094/1238/100/jpeg/catalog/product/bf/P00880726_b1.jpg,https://img.mytheresa.com/1094/1238/100/jpeg/catalog/product/bf/P00880726_b2.jpg,https://img.mytheresa.com/1094/1238/100/jpeg/catalog/product/bf/P00880726_d1.jpg,https://img.mytheresa.com/1094/1238/100/jpeg/catalog/product/bf/P00880726_d2.jpg,https://img.mytheresa.com/1094/1238/100/jpeg/catalog/product/bf/P00880726_d3.jpg,https://img.mytheresa.com/1094/1238/100/jpeg/catalog/product/bf/P00880726_d4.jpg,https://img.mytheresa.com/1094/1238/100/jpeg/catalog/product/bf/P00880726.jpg,https://img.mytheresa.com/1094/1238/100/jpeg/catalog/product/bf/P00880726_b1.jpg,https://img.mytheresa.com/1094/1238/100/jpeg/catalog/product/bf/P00880726_b2.jpg,https://img.mytheresa.com/1094/1238/100/jpeg/catalog/product/bf/P00880726_d1.jpg,https://img.mytheresa.com/1094/1238/100/jpeg/catalog/product/bf/P00880726_d2.jpg,https://img.mytheresa.com/1094/1238/100/jpeg/catalog/product/bf/P00880726_d3.jpg,https://img.mytheresa.com/1094/1238/100/jpeg/catalog/product/bf/P00880726_d4.jpg",Closure: VELCRO® fastening,,"Upper: calf leather,Lining: fabric,Sole: fabric insole, rubber sole,Toe shape: round toe,Made in Italy,Includes: shoe box, dust bag,Designer color name: Midnight Blue,Closure: VELCRO® fastening,Item number: P00880726,True to size,Half sizes please take the next size up,European sizes,Consult our ",https://www.mytheresa.com/int/en/men/acne-studios-perey-cities-leather-sneakers-blue-p00880726
"Men,Designers,Brunello Cucinelli,Shoes,Espadrilles",,Suede espadrilles, , ,30% off,"https://img.mytheresa.com/1094/1238/100/jpeg/catalog/product/da/P00895835.jpg,https://img.mytheresa.com/1094/1238/100/jpeg/catalog/product/da/P00895835_b1.jpg,https://img.mytheresa.com/1094/1238/100/jpeg/catalog/product/da/P00895835_b2.jpg,https://img.mytheresa.com/1094/1238/100/jpeg/catalog/product/da/P00895835_d1.jpg,https://img.mytheresa.com/1094/1238/100/jpeg/catalog/product/da/P00895835_d2.jpg,https://img.mytheresa.com/1094/1238/100/jpeg/catalog/product/da/P00895835_d3.jpg,https://img.mytheresa.com/1094/1238/100/jpeg/catalog/product/da/P00895835_d4.jpg,https://img.mytheresa.com/1094/1238/100/jpeg/catalog/product/da/P00895835.jpg,https://img.mytheresa.com/1094/1238/100/jpeg/catalog/product/da/P00895835_b1.jpg,https://img.mytheresa.com/1094/1238/100/jpeg/catalog/product/da/P00895835_b2.jpg,https://img.mytheresa.com/1094/1238/100/jpeg/catalog/product/da/P00895835_d1.jpg,https://img.mytheresa.com/1094/1238/100/jpeg/catalog/product/da/P00895835_d2.jpg,https://img.mytheresa.com/1094/1238/100/jpeg/catalog/product/da/P00895835_d3.jpg,https://img.mytheresa.com/1094/1238/100/jpeg/catalog/product/da/P00895835_d4.jpg",Item number: P00895835,,"Upper: goat leather,Lining: goat leather,Sole: fabric insole, rubber sole,Toe shape: almond toe,Made in Italy,Includes: shoe box, dust bag,Designer color name: 8051 + 8049,Item number: P00895835,True to size,Half sizes please take the next size up,European sizes,Consult our ",https://www.mytheresa.com/int/en/men/brunello-cucinelli-suede-espadrilles-beige-p00895835
"Men,Designers,Tom Ford,Shoes,Espadrilles",,Barnes suede espadrilles, , ,40% off,"https://img.mytheresa.com/1094/1238/100/jpeg/catalog/product/21/P00885620.jpg,https://img.mytheresa.com/1094/1238/100/jpeg/catalog/product/21/P00885620_b1.jpg,https://img.mytheresa.com/1094/1238/100/jpeg/catalog/product/21/P00885620_b2.jpg,https://img.mytheresa.com/1094/1238/100/jpeg/catalog/product/21/P00885620_d1.jpg,https://img.mytheresa.com/1094/1238/100/jpeg/catalog/product/21/P00885620_d2.jpg,https://img.mytheresa.com/1094/1238/100/jpeg/catalog/product/21/P00885620_d3.jpg,https://img.mytheresa.com/1094/1238/100/jpeg/catalog/product/21/P00885620_d4.jpg,https://img.mytheresa.com/1094/1238/100/jpeg/catalog/product/21/P00885620.jpg,https://img.mytheresa.com/1094/1238/100/jpeg/catalog/product/21/P00885620_b1.jpg,https://img.mytheresa.com/1094/1238/100/jpeg/catalog/product/21/P00885620_b2.jpg,https://img.mytheresa.com/1094/1238/100/jpeg/catalog/product/21/P00885620_d1.jpg,https://img.mytheresa.com/1094/1238/100/jpeg/catalog/product/21/P00885620_d2.jpg,https://img.mytheresa.com/1094/1238/100/jpeg/catalog/product/21/P00885620_d3.jpg,https://img.mytheresa.com/1094/1238/100/jpeg/catalog/product/21/P00885620_d4.jpg",Trim: jute,,"Upper: calf leather,Lining: leather,Sole: leather insole, rubber sole,Toe shape: round toe,Made in Spain,Includes: dust bags, shoe box,Designer color name: Tobacco + Ecru,Trim: jute,Item number: P00885620,Fits small to size - we recommend trying one size larger,UK sizes,Consult our ",https://www.mytheresa.com/int/en/men/tom-ford-barnes-suede-espadrilles-brown-p00885620
"Men,Designers,Valentino Garavani,Shoes,Formal shoes,Derby",,Leather Derby shoes, , ,30% off,"https://img.mytheresa.com/1094/1238/100/jpeg/catalog/product/e8/P00882634.jpg,https://img.mytheresa.com/1094/1238/100/jpeg/catalog/product/e8/P00882634_b1.jpg,https://img.mytheresa.com/1094/1238/100/jpeg/catalog/product/e8/P00882634_b2.jpg,https://img.mytheresa.com/1094/1238/100/jpeg/catalog/product/e8/P00882634_d1.jpg,https://img.mytheresa.com/1094/1238/100/jpeg/catalog/product/e8/P00882634_d2.jpg,https://img.mytheresa.com/1094/1238/100/jpeg/catalog/product/e8/P00882634_d3.jpg,https://img.mytheresa.com/1094/1238/100/jpeg/catalog/product/e8/P00882634_d4.jpg,https://img.mytheresa.com/1094/1238/100/jpeg/catalog/product/e8/P00882634.jpg,https://img.mytheresa.com/1094/1238/100/jpeg/catalog/product/e8/P00882634_b1.jpg,https://img.mytheresa.com/1094/1238/100/jpeg/catalog/product/e8/P00882634_b2.jpg,https://img.mytheresa.com/1094/1238/100/jpeg/catalog/product/e8/P00882634_d1.jpg,https://img.mytheresa.com/1094/1238/100/jpeg/catalog/product/e8/P00882634_d2.jpg,https://img.mytheresa.com/1094/1238/100/jpeg/catalog/product/e8/P00882634_d3.jpg,https://img.mytheresa.com/1094/1238/100/jpeg/catalog/product/e8/P00882634_d4.jpg",Item number: P00882634,,"Upper: leather,Lining: leather,Sole: leather insole, rubber sole,Toe shape: round toe,Made in Italy,Includes: shoe box, dust bags,Closure: lace-up,Item number: P00882634,True to size,Half sizes please take the next size down,European sizes,Consult our ",https://www.mytheresa.com/int/en/men/valentino-garavani-leather-derby-shoes-black-p00882634
"Men,Designers,Brunello Cucinelli,Shoes,Sandals & slides",,Suede sandals, , ,30% off,"https://img.mytheresa.com/1094/1238/100/jpeg/catalog/product/7c/P00895849.jpg,https://img.mytheresa.com/1094/1238/100/jpeg/catalog/product/7c/P00895849_b1.jpg,https://img.mytheresa.com/1094/1238/100/jpeg/catalog/product/7c/P00895849_b2.jpg,https://img.mytheresa.com/1094/1238/100/jpeg/catalog/product/7c/P00895849_d1.jpg,https://img.mytheresa.com/1094/1238/100/jpeg/catalog/product/7c/P00895849_d2.jpg,https://img.mytheresa.com/1094/1238/100/jpeg/catalog/product/7c/P00895849_d3.jpg,https://img.mytheresa.com/1094/1238/100/jpeg/catalog/product/7c/P00895849_d4.jpg,https://img.mytheresa.com/1094/1238/100/jpeg/catalog/product/7c/P00895849.jpg,https://img.mytheresa.com/1094/1238/100/jpeg/catalog/product/7c/P00895849_b1.jpg,https://img.mytheresa.com/1094/1238/100/jpeg/catalog/product/7c/P00895849_b2.jpg,https://img.mytheresa.com/1094/1238/100/jpeg/catalog/product/7c/P00895849_d1.jpg,https://img.mytheresa.com/1094/1238/100/jpeg/catalog/product/7c/P00895849_d2.jpg,https://img.mytheresa.com/1094/1238/100/jpeg/catalog/product/7c/P00895849_d3.jpg,https://img.mytheresa.com/1094/1238/100/jpeg/catalog/product/7c/P00895849_d4.jpg",Item number: P00895849,,"Upper: suede,Lining: leather,Sole: leather insole, rubber sole,Toe shape: round open toe,Made in Italy,Includes: shoe box, dust bags,Designer color name: Zaffiro,Item number: P00895849,True to size,Half sizes please take the next size up,European sizes,Consult our ",https://www.mytheresa.com/int/en/men/brunello-cucinelli-suede-sandals-blue-p00895849
"Men,Designers,Tom Ford,Shoes,Formal shoes,Oxford",,Elkan leather Oxford shoes, , ,40% off,"https://img.mytheresa.com/1094/1238/100/jpeg/catalog/product/d9/P00885653.jpg,https://img.mytheresa.com/1094/1238/100/jpeg/catalog/product/d9/P00885653_b1.jpg,https://img.mytheresa.com/1094/1238/100/jpeg/catalog/product/d9/P00885653_b2.jpg,https://img.mytheresa.com/1094/1238/100/jpeg/catalog/product/d9/P00885653_d1.jpg,https://img.mytheresa.com/1094/1238/100/jpeg/catalog/product/d9/P00885653_d2.jpg,https://img.mytheresa.com/1094/1238/100/jpeg/catalog/product/d9/P00885653_d3.jpg,https://img.mytheresa.com/1094/1238/100/jpeg/catalog/product/d9/P00885653_d4.jpg,https://img.mytheresa.com/1094/1238/100/jpeg/catalog/product/d9/P00885653.jpg,https://img.mytheresa.com/1094/1238/100/jpeg/catalog/product/d9/P00885653_b1.jpg,https://img.mytheresa.com/1094/1238/100/jpeg/catalog/product/d9/P00885653_b2.jpg,https://img.mytheresa.com/1094/1238/100/jpeg/catalog/product/d9/P00885653_d1.jpg,https://img.mytheresa.com/1094/1238/100/jpeg/catalog/product/d9/P00885653_d2.jpg,https://img.mytheresa.com/1094/1238/100/jpeg/catalog/product/d9/P00885653_d3.jpg,https://img.mytheresa.com/1094/1238/100/jpeg/catalog/product/d9/P00885653_d4.jpg",Closure: lace-up,,"Upper: leather,Lining: leather,Sole: leather insole and sole,Toe shape: almond toe,Made in Italy,Includes: shoe box, dust bags,Designer color name: Bruno,Closure: lace-up,Item number: P00885653,True to size,Half sizes please take the next size up,UK sizes,Consult our ",https://www.mytheresa.com/int/en/men/tom-ford-elkan-leather-oxford-shoes-brown-p00885653
"Men,Designers,Tom Ford,Shoes,Espadrilles",,Leopard-printed espadrilles, , ,40% off,"https://img.mytheresa.com/1094/1238/100/jpeg/catalog/product/f7/P00885376.jpg,https://img.mytheresa.com/1094/1238/100/jpeg/catalog/product/f7/P00885376_b1.jpg,https://img.mytheresa.com/1094/1238/100/jpeg/catalog/product/f7/P00885376_b2.jpg,https://img.mytheresa.com/1094/1238/100/jpeg/catalog/product/f7/P00885376_d1.jpg,https://img.mytheresa.com/1094/1238/100/jpeg/catalog/product/f7/P00885376_d2.jpg,https://img.mytheresa.com/1094/1238/100/jpeg/catalog/product/f7/P00885376_d3.jpg,https://img.mytheresa.com/1094/1238/100/jpeg/catalog/product/f7/P00885376_d4.jpg,https://img.mytheresa.com/1094/1238/100/jpeg/catalog/product/f7/P00885376.jpg,https://img.mytheresa.com/1094/1238/100/jpeg/catalog/product/f7/P00885376_b1.jpg,https://img.mytheresa.com/1094/1238/100/jpeg/catalog/product/f7/P00885376_b2.jpg,https://img.mytheresa.com/1094/1238/100/jpeg/catalog/product/f7/P00885376_d1.jpg,https://img.mytheresa.com/1094/1238/100/jpeg/catalog/product/f7/P00885376_d2.jpg,https://img.mytheresa.com/1094/1238/100/jpeg/catalog/product/f7/P00885376_d3.jpg,https://img.mytheresa.com/1094/1238/100/jpeg/catalog/product/f7/P00885376_d4.jpg",Trim: leather,,"Upper: calf hair,Lining: leather,Sole: jute insole, rubber sole,Toe shape: square toe,Made in Italy,Includes: dust bags, shoe box,Designer color name: Chestnut/Black + Brown,Trim: leather,Item number: P00885376,Fits small to size - we recommend trying one size larger,UK sizes,Consult our ",https://www.mytheresa.com/int/en/men/tom-ford-leopard-printed-espadrilles-multicoloured-p00885376
"Men,Designers,Manolo Blahnik,Shoes,Loafers",,Ellis leather penny loafers, , ,30% off,"https://img.mytheresa.com/1094/1238/100/jpeg/catalog/product/84/P00894027.jpg,https://img.mytheresa.com/1094/1238/100/jpeg/catalog/product/84/P00894027_b1.jpg,https://img.mytheresa.com/1094/1238/100/jpeg/catalog/product/84/P00894027_b2.jpg,https://img.mytheresa.com/1094/1238/100/jpeg/catalog/product/84/P00894027_d1.jpg,https://img.mytheresa.com/1094/1238/100/jpeg/catalog/product/84/P00894027_d2.jpg,https://img.mytheresa.com/1094/1238/100/jpeg/catalog/product/84/P00894027_d3.jpg,https://img.mytheresa.com/1094/1238/100/jpeg/catalog/product/84/P00894027_d4.jpg,https://img.mytheresa.com/1094/1238/100/jpeg/catalog/product/84/P00894027.jpg,https://img.mytheresa.com/1094/1238/100/jpeg/catalog/product/84/P00894027_b1.jpg,https://img.mytheresa.com/1094/1238/100/jpeg/catalog/product/84/P00894027_b2.jpg,https://img.mytheresa.com/1094/1238/100/jpeg/catalog/product/84/P00894027_d1.jpg,https://img.mytheresa.com/1094/1238/100/jpeg/catalog/product/84/P00894027_d2.jpg,https://img.mytheresa.com/1094/1238/100/jpeg/catalog/product/84/P00894027_d3.jpg,https://img.mytheresa.com/1094/1238/100/jpeg/catalog/product/84/P00894027_d4.jpg",Item number: P00894027,,"Upper: leather,Lining: leather,Sole: leather insole, rubber sole,Toe shape: round toe,Made in Italy,Includes: dust bag, shoe box,Designer color name: 2029 Dbrw,Item number: P00894027,Fits slightly large to size - we recommend trying a half size smaller,UK sizes,Consult our ",https://www.mytheresa.com/int/en/men/manolo-blahnik-ellis-leather-penny-loafers-black-p00894027
"Men,Shoes,Formal shoes",,, , ,30% off,,,,,https://www.mytheresa.com/int/en/men/shoes/formal-shoes/derby
"Men,Designers,Manolo Blahnik,Shoes,Loafers",,Ellis suede penny loafers, , ,30% off,"https://img.mytheresa.com/1094/1238/100/jpeg/catalog/product/71/P00894033.jpg,https://img.mytheresa.com/1094/1238/100/jpeg/catalog/product/71/P00894033_b1.jpg,https://img.mytheresa.com/1094/1238/100/jpeg/catalog/product/71/P00894033_b2.jpg,https://img.mytheresa.com/1094/1238/100/jpeg/catalog/product/71/P00894033_d1.jpg,https://img.mytheresa.com/1094/1238/100/jpeg/catalog/product/71/P00894033_d2.jpg,https://img.mytheresa.com/1094/1238/100/jpeg/catalog/product/71/P00894033_d3.jpg,https://img.mytheresa.com/1094/1238/100/jpeg/catalog/product/71/P00894033_d4.jpg,https://img.mytheresa.com/1094/1238/100/jpeg/catalog/product/71/P00894033.jpg,https://img.mytheresa.com/1094/1238/100/jpeg/catalog/product/71/P00894033_b1.jpg,https://img.mytheresa.com/1094/1238/100/jpeg/catalog/product/71/P00894033_b2.jpg,https://img.mytheresa.com/1094/1238/100/jpeg/catalog/product/71/P00894033_d1.jpg,https://img.mytheresa.com/1094/1238/100/jpeg/catalog/product/71/P00894033_d2.jpg,https://img.mytheresa.com/1094/1238/100/jpeg/catalog/product/71/P00894033_d3.jpg,https://img.mytheresa.com/1094/1238/100/jpeg/catalog/product/71/P00894033_d4.jpg",Item number: P00894033,,"Upper: leather,Lining: leather,Sole: leather insole, rubber sole,Toe shape: round toe,Made in Italy,Includes: dust bag, shoe box,Designer color name: 2079 Dbrw,Item number: P00894033,Fits slightly large to size - we recommend trying a half size smaller,UK sizes,Consult our ",https://www.mytheresa.com/int/en/men/manolo-blahnik-ellis-suede-penny-loafers-pink-p00894033
"Men,Shoes",,, , ,30% off,,,,,https://www.mytheresa.com/int/en/men/shoes/loafers
"Men,Shoes",,, , ,50% off,,,,,https://www.mytheresa.com/int/en/men/shoes/formal-shoes
"Men,Shoes,Formal shoes",,, , ,50% off,,,,,https://www.mytheresa.com/int/en/men/shoes/formal-shoes/loafers
"Men,Designers,Kenzo,Shoes,Sneakers,Low-Top",,x Asics sneakers, , ,40% off,"https://img.mytheresa.com/1094/1238/100/jpeg/catalog/product/a9/P00860760.jpg,https://img.mytheresa.com/1094/1238/100/jpeg/catalog/product/a9/P00860760_b1.jpg,https://img.mytheresa.com/1094/1238/100/jpeg/catalog/product/a9/P00860760_b2.jpg,https://img.mytheresa.com/1094/1238/100/jpeg/catalog/product/a9/P00860760_d1.jpg,https://img.mytheresa.com/1094/1238/100/jpeg/catalog/product/a9/P00860760_d2.jpg,https://img.mytheresa.com/1094/1238/100/jpeg/catalog/product/a9/P00860760_d3.jpg,https://img.mytheresa.com/1094/1238/100/jpeg/catalog/product/a9/P00860760_d4.jpg,https://img.mytheresa.com/1094/1238/100/jpeg/catalog/product/a9/P00860760.jpg,https://img.mytheresa.com/1094/1238/100/jpeg/catalog/product/a9/P00860760_b1.jpg,https://img.mytheresa.com/1094/1238/100/jpeg/catalog/product/a9/P00860760_b2.jpg,https://img.mytheresa.com/1094/1238/100/jpeg/catalog/product/a9/P00860760_d1.jpg,https://img.mytheresa.com/1094/1238/100/jpeg/catalog/product/a9/P00860760_d2.jpg,https://img.mytheresa.com/1094/1238/100/jpeg/catalog/product/a9/P00860760_d3.jpg,https://img.mytheresa.com/1094/1238/100/jpeg/catalog/product/a9/P00860760_d4.jpg",Closure: lace-up,,"Upper: fabric,Lining: fabric,Sole: fabric insole, rubber sole,Toe shape: round toe,Made in Cambodia,Includes: shoe box,Designer color name: Off White,Closure: lace-up,Item number: P00860760,Fits slightly small to size - we recommend trying a half size larger,US sizes,Consult our ",https://www.mytheresa.com/int/en/men/kenzo-x-asics-sneakers-white-p00860760
"Men,Designers,Tom Ford,Shoes,Loafers",,Neal velvet loafers, , ,30% off,"https://img.mytheresa.com/1094/1238/100/jpeg/catalog/product/e6/P00885623.jpg,https://img.mytheresa.com/1094/1238/100/jpeg/catalog/product/e6/P00885623_b1.jpg,https://img.mytheresa.com/1094/1238/100/jpeg/catalog/product/e6/P00885623_b2.jpg,https://img.mytheresa.com/1094/1238/100/jpeg/catalog/product/e6/P00885623_d1.jpg,https://img.mytheresa.com/1094/1238/100/jpeg/catalog/product/e6/P00885623_d2.jpg,https://img.mytheresa.com/1094/1238/100/jpeg/catalog/product/e6/P00885623_d3.jpg,https://img.mytheresa.com/1094/1238/100/jpeg/catalog/product/e6/P00885623_d4.jpg,https://img.mytheresa.com/1094/1238/100/jpeg/catalog/product/e6/P00885623.jpg,https://img.mytheresa.com/1094/1238/100/jpeg/catalog/product/e6/P00885623_b1.jpg,https://img.mytheresa.com/1094/1238/100/jpeg/catalog/product/e6/P00885623_b2.jpg,https://img.mytheresa.com/1094/1238/100/jpeg/catalog/product/e6/P00885623_d1.jpg,https://img.mytheresa.com/1094/1238/100/jpeg/catalog/product/e6/P00885623_d2.jpg,https://img.mytheresa.com/1094/1238/100/jpeg/catalog/product/e6/P00885623_d3.jpg,https://img.mytheresa.com/1094/1238/100/jpeg/catalog/product/e6/P00885623_d4.jpg",,,"Upper: fabric,Lining: fabric,Sole: fabric insole, rubber sole,Toe shape: round toe,Made in Italy,Includes: dust bags, shoe box,Item number: P00885623,Fits large to size - we recommend trying one size smaller,UK sizes,Consult our ",https://www.mytheresa.com/int/en/men/tom-ford-neal-velvet-loafers-black-p00885623
"Men,Designers,Manolo Blahnik,Shoes,Loafers",,Perry suede penny loafers, , ,30% off,"https://img.mytheresa.com/1094/1238/100/jpeg/catalog/product/9f/P00894026.jpg,https://img.mytheresa.com/1094/1238/100/jpeg/catalog/product/9f/P00894026_b1.jpg,https://img.mytheresa.com/1094/1238/100/jpeg/catalog/product/9f/P00894026_b2.jpg,https://img.mytheresa.com/1094/1238/100/jpeg/catalog/product/9f/P00894026_d1.jpg,https://img.mytheresa.com/1094/1238/100/jpeg/catalog/product/9f/P00894026_d2.jpg,https://img.mytheresa.com/1094/1238/100/jpeg/catalog/product/9f/P00894026_d3.jpg,https://img.mytheresa.com/1094/1238/100/jpeg/catalog/product/9f/P00894026_d4.jpg,https://img.mytheresa.com/1094/1238/100/jpeg/catalog/product/9f/P00894026.jpg,https://img.mytheresa.com/1094/1238/100/jpeg/catalog/product/9f/P00894026_b1.jpg,https://img.mytheresa.com/1094/1238/100/jpeg/catalog/product/9f/P00894026_b2.jpg,https://img.mytheresa.com/1094/1238/100/jpeg/catalog/product/9f/P00894026_d1.jpg,https://img.mytheresa.com/1094/1238/100/jpeg/catalog/product/9f/P00894026_d2.jpg,https://img.mytheresa.com/1094/1238/100/jpeg/catalog/product/9f/P00894026_d3.jpg,https://img.mytheresa.com/1094/1238/100/jpeg/catalog/product/9f/P00894026_d4.jpg",Item number: P00894026,,"Upper: calf leather,Lining: leather,Sole: leather insole and sole,Toe shape: round toe,Made in Italy,Includes: dust bag, shoe box,Designer color name: 7040 Dyel,Item number: P00894026,True to size,Half sizes please take the next size up,UK sizes,Consult our ",https://www.mytheresa.com/int/en/men/manolo-blahnik-perry-suede-penny-loafers-yellow-p00894026
"Men,Designers,Ami Paris,Shoes,Formal shoes,Derby",,Anatomical leather Derby shoes, , ,60% off,"https://img.mytheresa.com/1094/1238/100/jpeg/catalog/product/5a/P00914224.jpg,https://img.mytheresa.com/1094/1238/100/jpeg/catalog/product/5a/P00914224_b1.jpg,https://img.mytheresa.com/1094/1238/100/jpeg/catalog/product/5a/P00914224_b2.jpg,https://img.mytheresa.com/1094/1238/100/jpeg/catalog/product/5a/P00914224_d1.jpg,https://img.mytheresa.com/1094/1238/100/jpeg/catalog/product/5a/P00914224_d2.jpg,https://img.mytheresa.com/1094/1238/100/jpeg/catalog/product/5a/P00914224_d3.jpg,https://img.mytheresa.com/1094/1238/100/jpeg/catalog/product/5a/P00914224_d4.jpg,https://img.mytheresa.com/1094/1238/100/jpeg/catalog/product/5a/P00914224.jpg,https://img.mytheresa.com/1094/1238/100/jpeg/catalog/product/5a/P00914224_b1.jpg,https://img.mytheresa.com/1094/1238/100/jpeg/catalog/product/5a/P00914224_b2.jpg,https://img.mytheresa.com/1094/1238/100/jpeg/catalog/product/5a/P00914224_d1.jpg,https://img.mytheresa.com/1094/1238/100/jpeg/catalog/product/5a/P00914224_d2.jpg,https://img.mytheresa.com/1094/1238/100/jpeg/catalog/product/5a/P00914224_d3.jpg,https://img.mytheresa.com/1094/1238/100/jpeg/catalog/product/5a/P00914224_d4.jpg",Item number: P00914224,,"Upper: leather,Lining: leather,Sole: leather insole and sole,Toe shape: round toe,Made in Portugal,Includes: shoe box, dust bag,Closure: lace-up,Item number: P00914224,True to size,Half sizes please take the next size down,European sizes,Consult our ",https://www.mytheresa.com/int/en/men/ami-paris-anatomical-leather-derby-shoes-black-p00914224
"Men,Designers,Acne Studios,Shoes,Sneakers,Designer sneakers",,Leather low-top sneakers, , ,40% off,"https://img.mytheresa.com/1094/1238/100/jpeg/catalog/product/2a/P00882165.jpg,https://img.mytheresa.com/1094/1238/100/jpeg/catalog/product/2a/P00882165_b1.jpg,https://img.mytheresa.com/1094/1238/100/jpeg/catalog/product/2a/P00882165_b2.jpg,https://img.mytheresa.com/1094/1238/100/jpeg/catalog/product/2a/P00882165_d1.jpg,https://img.mytheresa.com/1094/1238/100/jpeg/catalog/product/2a/P00882165_d2.jpg,https://img.mytheresa.com/1094/1238/100/jpeg/catalog/product/2a/P00882165_d3.jpg,https://img.mytheresa.com/1094/1238/100/jpeg/catalog/product/2a/P00882165_d4.jpg,https://img.mytheresa.com/1094/1238/100/jpeg/catalog/product/2a/P00882165.jpg,https://img.mytheresa.com/1094/1238/100/jpeg/catalog/product/2a/P00882165_b1.jpg,https://img.mytheresa.com/1094/1238/100/jpeg/catalog/product/2a/P00882165_b2.jpg,https://img.mytheresa.com/1094/1238/100/jpeg/catalog/product/2a/P00882165_d1.jpg,https://img.mytheresa.com/1094/1238/100/jpeg/catalog/product/2a/P00882165_d2.jpg,https://img.mytheresa.com/1094/1238/100/jpeg/catalog/product/2a/P00882165_d3.jpg,https://img.mytheresa.com/1094/1238/100/jpeg/catalog/product/2a/P00882165_d4.jpg",Closure: lace-up,,"Upper: leather,Lining: fabric,Sole: fabric insole, rubber sole,Toe shape: round toe,Made in Italy,Includes: dust bags, shoe box,Designer color name: Grey/Blue,Closure: lace-up,Item number: P00882165,True to size,Half sizes please take the next size down,European sizes,Consult our ",https://www.mytheresa.com/int/en/men/acne-studios-leather-low-top-sneakers-multicoloured-p00882165
"Men,Designers,Visvim,Shoes,Sneakers,Designer sneakers",,Skynyrd Ring leather sneakers, , ,50% off,"https://img.mytheresa.com/1094/1238/100/jpeg/catalog/product/92/P00907971.jpg,https://img.mytheresa.com/1094/1238/100/jpeg/catalog/product/92/P00907971_b1.jpg,https://img.mytheresa.com/1094/1238/100/jpeg/catalog/product/92/P00907971_b2.jpg,https://img.mytheresa.com/1094/1238/100/jpeg/catalog/product/92/P00907971_d1.jpg,https://img.mytheresa.com/1094/1238/100/jpeg/catalog/product/92/P00907971_d2.jpg,https://img.mytheresa.com/1094/1238/100/jpeg/catalog/product/92/P00907971_d3.jpg,https://img.mytheresa.com/1094/1238/100/jpeg/catalog/product/92/P00907971_d4.jpg,https://img.mytheresa.com/1094/1238/100/jpeg/catalog/product/92/P00907971.jpg,https://img.mytheresa.com/1094/1238/100/jpeg/catalog/product/92/P00907971_b1.jpg,https://img.mytheresa.com/1094/1238/100/jpeg/catalog/product/92/P00907971_b2.jpg,https://img.mytheresa.com/1094/1238/100/jpeg/catalog/product/92/P00907971_d1.jpg,https://img.mytheresa.com/1094/1238/100/jpeg/catalog/product/92/P00907971_d2.jpg,https://img.mytheresa.com/1094/1238/100/jpeg/catalog/product/92/P00907971_d3.jpg,https://img.mytheresa.com/1094/1238/100/jpeg/catalog/product/92/P00907971_d4.jpg",Closure: buckle fastening,,"Upper: leather,Lining: leather,Sole: leather insole, rubber sole,Toe shape: square toe,Made in Italy,Includes: shoe box, dust bag,Designer color name: Sand,Closure: buckle fastening,Item number: P00907971,Fits large to size - we recommend trying one size smaller,US sizes,Consult our ",https://www.mytheresa.com/int/en/men/visvim-skynyrd-ring-leather-sneakers-beige-p00907971
"Men,Designers,Tom Ford,Shoes,Espadrilles",,Barnes leather espadrilles, , ,40% off,"https://img.mytheresa.com/1094/1238/100/jpeg/catalog/product/25/P00885379.jpg,https://img.mytheresa.com/1094/1238/100/jpeg/catalog/product/25/P00885379_b1.jpg,https://img.mytheresa.com/1094/1238/100/jpeg/catalog/product/25/P00885379_b2.jpg,https://img.mytheresa.com/1094/1238/100/jpeg/catalog/product/25/P00885379_d1.jpg,https://img.mytheresa.com/1094/1238/100/jpeg/catalog/product/25/P00885379_d2.jpg,https://img.mytheresa.com/1094/1238/100/jpeg/catalog/product/25/P00885379_d3.jpg,https://img.mytheresa.com/1094/1238/100/jpeg/catalog/product/25/P00885379_d4.jpg,https://img.mytheresa.com/1094/1238/100/jpeg/catalog/product/25/P00885379.jpg,https://img.mytheresa.com/1094/1238/100/jpeg/catalog/product/25/P00885379_b1.jpg,https://img.mytheresa.com/1094/1238/100/jpeg/catalog/product/25/P00885379_b2.jpg,https://img.mytheresa.com/1094/1238/100/jpeg/catalog/product/25/P00885379_d1.jpg,https://img.mytheresa.com/1094/1238/100/jpeg/catalog/product/25/P00885379_d2.jpg,https://img.mytheresa.com/1094/1238/100/jpeg/catalog/product/25/P00885379_d3.jpg,https://img.mytheresa.com/1094/1238/100/jpeg/catalog/product/25/P00885379_d4.jpg",Trim: jute,,"Upper: leather,Lining: leather,Sole: jute insole, rubber sole,Toe shape: square toe,Made in Spain,Includes: dust bags, shoe box,Designer color name: Olive + Ecru',Trim: jute,Item number: P00885379,True to size,Half sizes please take the next size up,UK sizes,Consult our ",https://www.mytheresa.com/int/en/men/tom-ford-barnes-leather-espadrilles-green-p00885379
"Men,Designers,Brunello Cucinelli,Shoes,Sneakers,Designer sneakers",,Leather sneakers, , ,30% off,"https://img.mytheresa.com/1094/1238/100/jpeg/catalog/product/79/P00895775.jpg,https://img.mytheresa.com/1094/1238/100/jpeg/catalog/product/79/P00895775_b1.jpg,https://img.mytheresa.com/1094/1238/100/jpeg/catalog/product/79/P00895775_b2.jpg,https://img.mytheresa.com/1094/1238/100/jpeg/catalog/product/79/P00895775_d1.jpg,https://img.mytheresa.com/1094/1238/100/jpeg/catalog/product/79/P00895775_d2.jpg,https://img.mytheresa.com/1094/1238/100/jpeg/catalog/product/79/P00895775_d3.jpg,https://img.mytheresa.com/1094/1238/100/jpeg/catalog/product/79/P00895775_d4.jpg,https://img.mytheresa.com/1094/1238/100/jpeg/catalog/product/79/P00895775.jpg,https://img.mytheresa.com/1094/1238/100/jpeg/catalog/product/79/P00895775_b1.jpg,https://img.mytheresa.com/1094/1238/100/jpeg/catalog/product/79/P00895775_b2.jpg,https://img.mytheresa.com/1094/1238/100/jpeg/catalog/product/79/P00895775_d1.jpg,https://img.mytheresa.com/1094/1238/100/jpeg/catalog/product/79/P00895775_d2.jpg,https://img.mytheresa.com/1094/1238/100/jpeg/catalog/product/79/P00895775_d3.jpg,https://img.mytheresa.com/1094/1238/100/jpeg/catalog/product/79/P00895775_d4.jpg",Closure: lace-up,,"Upper: leather,Lining: leather,Sole: leather insole, rubber sole,Toe shape: round toe,Made in Italy,Includes: shoe box, dust bag,Designer color name: Panama,Closure: lace-up,Item number: P00895775,True to size,Half sizes please take the next size up,European sizes,Consult our ",https://www.mytheresa.com/int/en/men/brunello-cucinelli-leather-sneakers-white-p00895775
"Men,Designers,Kenzo,Shoes,Sneakers,Designer sneakers",,PXT leather sneakers, , ,60% off,"https://img.mytheresa.com/1094/1238/100/jpeg/catalog/product/57/P00882307.jpg,https://img.mytheresa.com/1094/1238/100/jpeg/catalog/product/57/P00882307_b1.jpg,https://img.mytheresa.com/1094/1238/100/jpeg/catalog/product/57/P00882307_b2.jpg,https://img.mytheresa.com/1094/1238/100/jpeg/catalog/product/57/P00882307_d1.jpg,https://img.mytheresa.com/1094/1238/100/jpeg/catalog/product/57/P00882307_d2.jpg,https://img.mytheresa.com/1094/1238/100/jpeg/catalog/product/57/P00882307_d3.jpg,https://img.mytheresa.com/1094/1238/100/jpeg/catalog/product/57/P00882307_d4.jpg,https://img.mytheresa.com/1094/1238/100/jpeg/catalog/product/57/P00882307.jpg,https://img.mytheresa.com/1094/1238/100/jpeg/catalog/product/57/P00882307_b1.jpg,https://img.mytheresa.com/1094/1238/100/jpeg/catalog/product/57/P00882307_b2.jpg,https://img.mytheresa.com/1094/1238/100/jpeg/catalog/product/57/P00882307_d1.jpg,https://img.mytheresa.com/1094/1238/100/jpeg/catalog/product/57/P00882307_d2.jpg,https://img.mytheresa.com/1094/1238/100/jpeg/catalog/product/57/P00882307_d3.jpg,https://img.mytheresa.com/1094/1238/100/jpeg/catalog/product/57/P00882307_d4.jpg",Closure: lace-up,,"Upper: leather,Lining: fabric,Sole: fabric insole, rubber sole,Toe shape: round toe,Made in Vietnam,Includes: shoe box, dust bag,Designer color name: Dark Khaki,Closure: lace-up,Item number: P00882307,True to size,Half sizes please take the next size down,European sizes,Consult our ",https://www.mytheresa.com/int/en/men/kenzo-pxt-leather-sneakers-green-p00882307
"Men,Designers,Thom Browne,Shoes,Slippers",,Leather penny loafer mules, , ,50% off,"https://img.mytheresa.com/1094/1238/100/jpeg/catalog/product/ea/P00912406.jpg,https://img.mytheresa.com/1094/1238/100/jpeg/catalog/product/ea/P00912406_b1.jpg,https://img.mytheresa.com/1094/1238/100/jpeg/catalog/product/ea/P00912406_b2.jpg,https://img.mytheresa.com/1094/1238/100/jpeg/catalog/product/ea/P00912406_d1.jpg,https://img.mytheresa.com/1094/1238/100/jpeg/catalog/product/ea/P00912406_d2.jpg,https://img.mytheresa.com/1094/1238/100/jpeg/catalog/product/ea/P00912406_d3.jpg,https://img.mytheresa.com/1094/1238/100/jpeg/catalog/product/ea/P00912406_d4.jpg,https://img.mytheresa.com/1094/1238/100/jpeg/catalog/product/ea/P00912406.jpg,https://img.mytheresa.com/1094/1238/100/jpeg/catalog/product/ea/P00912406_b1.jpg,https://img.mytheresa.com/1094/1238/100/jpeg/catalog/product/ea/P00912406_b2.jpg,https://img.mytheresa.com/1094/1238/100/jpeg/catalog/product/ea/P00912406_d1.jpg,https://img.mytheresa.com/1094/1238/100/jpeg/catalog/product/ea/P00912406_d2.jpg,https://img.mytheresa.com/1094/1238/100/jpeg/catalog/product/ea/P00912406_d3.jpg,https://img.mytheresa.com/1094/1238/100/jpeg/catalog/product/ea/P00912406_d4.jpg",,,"Upper: leather,Lining: leather,Sole: leather insole and sole,Toe shape: round toe,Made in Italy,Includes: dust bags, shoe box,Item number: P00912406,True to size,Half sizes please take the next size up,US sizes,Consult our ",https://www.mytheresa.com/int/en/men/thom-browne-leather-penny-loafer-mules-black-p00912406
"Men,Designers,Kenzo,Shoes,Sneakers,Designer sneakers",,Dome suede sneakers, , ,60% off,"https://img.mytheresa.com/1094/1238/100/jpeg/catalog/product/6e/P00882274.jpg,https://img.mytheresa.com/1094/1238/100/jpeg/catalog/product/6e/P00882274_b1.jpg,https://img.mytheresa.com/1094/1238/100/jpeg/catalog/product/6e/P00882274_b2.jpg,https://img.mytheresa.com/1094/1238/100/jpeg/catalog/product/6e/P00882274_d1.jpg,https://img.mytheresa.com/1094/1238/100/jpeg/catalog/product/6e/P00882274_d2.jpg,https://img.mytheresa.com/1094/1238/100/jpeg/catalog/product/6e/P00882274_d3.jpg,https://img.mytheresa.com/1094/1238/100/jpeg/catalog/product/6e/P00882274_d4.jpg,https://img.mytheresa.com/1094/1238/100/jpeg/catalog/product/6e/P00882274.jpg,https://img.mytheresa.com/1094/1238/100/jpeg/catalog/product/6e/P00882274_b1.jpg,https://img.mytheresa.com/1094/1238/100/jpeg/catalog/product/6e/P00882274_b2.jpg,https://img.mytheresa.com/1094/1238/100/jpeg/catalog/product/6e/P00882274_d1.jpg,https://img.mytheresa.com/1094/1238/100/jpeg/catalog/product/6e/P00882274_d2.jpg,https://img.mytheresa.com/1094/1238/100/jpeg/catalog/product/6e/P00882274_d3.jpg,https://img.mytheresa.com/1094/1238/100/jpeg/catalog/product/6e/P00882274_d4.jpg",Closure: lace-up,,"Upper: suede,Lining: fabric,Sole: fabric insole, rubber sole,Toe shape: round toe,Made in Vietnam,Includes: shoe box, dust bag, extra laces,Designer color name: Midnight Blue,Closure: lace-up,Item number: P00882274,True to size,Half sizes please take the next size up,European sizes,Consult our ",https://www.mytheresa.com/int/en/men/kenzo-dome-suede-sneakers-blue-p00882274
"Men,Designers,Kenzo,Shoes,Sneakers,Designer sneakers",,Dome leather sneakers, , ,40% off,"https://img.mytheresa.com/1094/1238/100/jpeg/catalog/product/75/P00882269.jpg,https://img.mytheresa.com/1094/1238/100/jpeg/catalog/product/75/P00882269_b1.jpg,https://img.mytheresa.com/1094/1238/100/jpeg/catalog/product/75/P00882269_b2.jpg,https://img.mytheresa.com/1094/1238/100/jpeg/catalog/product/75/P00882269_d1.jpg,https://img.mytheresa.com/1094/1238/100/jpeg/catalog/product/75/P00882269_d2.jpg,https://img.mytheresa.com/1094/1238/100/jpeg/catalog/product/75/P00882269_d3.jpg,https://img.mytheresa.com/1094/1238/100/jpeg/catalog/product/75/P00882269_d4.jpg,https://img.mytheresa.com/1094/1238/100/jpeg/catalog/product/75/P00882269.jpg,https://img.mytheresa.com/1094/1238/100/jpeg/catalog/product/75/P00882269_b1.jpg,https://img.mytheresa.com/1094/1238/100/jpeg/catalog/product/75/P00882269_b2.jpg,https://img.mytheresa.com/1094/1238/100/jpeg/catalog/product/75/P00882269_d1.jpg,https://img.mytheresa.com/1094/1238/100/jpeg/catalog/product/75/P00882269_d2.jpg,https://img.mytheresa.com/1094/1238/100/jpeg/catalog/product/75/P00882269_d3.jpg,https://img.mytheresa.com/1094/1238/100/jpeg/catalog/product/75/P00882269_d4.jpg",Closure: lace-up,,"Upper: leather,Lining: fabric,Sole: fabric insole, rubber sole,Toe shape: round toe,Made in Vietnam,Includes: shoe box, dust bag, extra laces,Designer color name: Off White,Closure: lace-up,Item number: P00882269,True to size,Half sizes please take the next size up,European sizes,Consult our ",https://www.mytheresa.com/int/en/men/kenzo-dome-leather-sneakers-white-p00882269
"Men,Designers,Kenzo,Shoes,Sneakers,Low-Top",,Dome leather sneakers, , ,60% off,"https://img.mytheresa.com/1094/1238/100/jpeg/catalog/product/0e/P00882270.jpg,https://img.mytheresa.com/1094/1238/100/jpeg/catalog/product/0e/P00882270_b1.jpg,https://img.mytheresa.com/1094/1238/100/jpeg/catalog/product/0e/P00882270_b2.jpg,https://img.mytheresa.com/1094/1238/100/jpeg/catalog/product/0e/P00882270_d1.jpg,https://img.mytheresa.com/1094/1238/100/jpeg/catalog/product/0e/P00882270_d2.jpg,https://img.mytheresa.com/1094/1238/100/jpeg/catalog/product/0e/P00882270_d3.jpg,https://img.mytheresa.com/1094/1238/100/jpeg/catalog/product/0e/P00882270_d4.jpg,https://img.mytheresa.com/1094/1238/100/jpeg/catalog/product/0e/P00882270.jpg,https://img.mytheresa.com/1094/1238/100/jpeg/catalog/product/0e/P00882270_b1.jpg,https://img.mytheresa.com/1094/1238/100/jpeg/catalog/product/0e/P00882270_b2.jpg,https://img.mytheresa.com/1094/1238/100/jpeg/catalog/product/0e/P00882270_d1.jpg,https://img.mytheresa.com/1094/1238/100/jpeg/catalog/product/0e/P00882270_d2.jpg,https://img.mytheresa.com/1094/1238/100/jpeg/catalog/product/0e/P00882270_d3.jpg,https://img.mytheresa.com/1094/1238/100/jpeg/catalog/product/0e/P00882270_d4.jpg",Item number: P00882270,,"Upper: leather,Lining: fabric,Sole: fabric insole, rubber sole,Toe shape: round toe,Made in Vietnam,Includes: shoe box, dust bag, extra laces,Closure: lace-up,Item number: P00882270,True to size,Half sizes please take the next size up,European sizes,Consult our ",https://www.mytheresa.com/int/en/men/kenzo-dome-leather-sneakers-black-p00882270
"Men,Designers,Manolo Blahnik,Shoes,Boots,Chelsea boots",,Brompton suede Chelsea boots, , ,30% off,"https://img.mytheresa.com/1094/1238/100/jpeg/catalog/product/c8/P00894042.jpg,https://img.mytheresa.com/1094/1238/100/jpeg/catalog/product/c8/P00894042_b1.jpg,https://img.mytheresa.com/1094/1238/100/jpeg/catalog/product/c8/P00894042_b2.jpg,https://img.mytheresa.com/1094/1238/100/jpeg/catalog/product/c8/P00894042_d1.jpg,https://img.mytheresa.com/1094/1238/100/jpeg/catalog/product/c8/P00894042_d2.jpg,https://img.mytheresa.com/1094/1238/100/jpeg/catalog/product/c8/P00894042_d3.jpg,https://img.mytheresa.com/1094/1238/100/jpeg/catalog/product/c8/P00894042_d4.jpg,https://img.mytheresa.com/1094/1238/100/jpeg/catalog/product/c8/P00894042.jpg,https://img.mytheresa.com/1094/1238/100/jpeg/catalog/product/c8/P00894042_b1.jpg,https://img.mytheresa.com/1094/1238/100/jpeg/catalog/product/c8/P00894042_b2.jpg,https://img.mytheresa.com/1094/1238/100/jpeg/catalog/product/c8/P00894042_d1.jpg,https://img.mytheresa.com/1094/1238/100/jpeg/catalog/product/c8/P00894042_d2.jpg,https://img.mytheresa.com/1094/1238/100/jpeg/catalog/product/c8/P00894042_d3.jpg,https://img.mytheresa.com/1094/1238/100/jpeg/catalog/product/c8/P00894042_d4.jpg",Item number: P00894042,,"Upper: suede,Lining: leather,Sole: leather insole, rubber sole,Toe shape: almond toe,Made in Italy,Includes: shoe box, dust bag,Designer color name: 2023 Dbrw,Item number: P00894042,True to size,Half sizes please take the next size up,UK sizes,Consult our ",https://www.mytheresa.com/int/en/men/manolo-blahnik-brompton-suede-chelsea-boots-brown-p00894042
"Men,Designers,Kenzo,Shoes,Sneakers,Low-Top",,PXT leather sneakers, , ,60% off,"https://img.mytheresa.com/1094/1238/100/jpeg/catalog/product/09/P00882305.jpg,https://img.mytheresa.com/1094/1238/100/jpeg/catalog/product/09/P00882305_b1.jpg,https://img.mytheresa.com/1094/1238/100/jpeg/catalog/product/09/P00882305_b2.jpg,https://img.mytheresa.com/1094/1238/100/jpeg/catalog/product/09/P00882305_d1.jpg,https://img.mytheresa.com/1094/1238/100/jpeg/catalog/product/09/P00882305_d2.jpg,https://img.mytheresa.com/1094/1238/100/jpeg/catalog/product/09/P00882305_d3.jpg,https://img.mytheresa.com/1094/1238/100/jpeg/catalog/product/09/P00882305_d4.jpg,https://img.mytheresa.com/1094/1238/100/jpeg/catalog/product/09/P00882305.jpg,https://img.mytheresa.com/1094/1238/100/jpeg/catalog/product/09/P00882305_b1.jpg,https://img.mytheresa.com/1094/1238/100/jpeg/catalog/product/09/P00882305_b2.jpg,https://img.mytheresa.com/1094/1238/100/jpeg/catalog/product/09/P00882305_d1.jpg,https://img.mytheresa.com/1094/1238/100/jpeg/catalog/product/09/P00882305_d2.jpg,https://img.mytheresa.com/1094/1238/100/jpeg/catalog/product/09/P00882305_d3.jpg,https://img.mytheresa.com/1094/1238/100/jpeg/catalog/product/09/P00882305_d4.jpg",Item number: P00882305,,"Upper: leather, fabric,Lining: fabric,Sole: fabric insole, rubber sole,Toe shape: round toe,Made in Vietnam,Includes: shoe box, dust bag,Closure: lace-up,Item number: P00882305,True to size,Half sizes please take the next size down,European sizes,Consult our ",https://www.mytheresa.com/int/en/men/kenzo-pxt-leather-sneakers-white-p00882305
"Men,Designers,Sacai,Shoes,Sandals & slides",,Pockets slides, , ,30% off,"https://img.mytheresa.com/1094/1238/100/jpeg/catalog/product/6e/P00892652.jpg,https://img.mytheresa.com/1094/1238/100/jpeg/catalog/product/6e/P00892652_b1.jpg,https://img.mytheresa.com/1094/1238/100/jpeg/catalog/product/6e/P00892652_b2.jpg,https://img.mytheresa.com/1094/1238/100/jpeg/catalog/product/6e/P00892652_d1.jpg,https://img.mytheresa.com/1094/1238/100/jpeg/catalog/product/6e/P00892652_d2.jpg,https://img.mytheresa.com/1094/1238/100/jpeg/catalog/product/6e/P00892652_d3.jpg,https://img.mytheresa.com/1094/1238/100/jpeg/catalog/product/6e/P00892652_d4.jpg,https://img.mytheresa.com/1094/1238/100/jpeg/catalog/product/6e/P00892652.jpg,https://img.mytheresa.com/1094/1238/100/jpeg/catalog/product/6e/P00892652_b1.jpg,https://img.mytheresa.com/1094/1238/100/jpeg/catalog/product/6e/P00892652_b2.jpg,https://img.mytheresa.com/1094/1238/100/jpeg/catalog/product/6e/P00892652_d1.jpg,https://img.mytheresa.com/1094/1238/100/jpeg/catalog/product/6e/P00892652_d2.jpg,https://img.mytheresa.com/1094/1238/100/jpeg/catalog/product/6e/P00892652_d3.jpg,https://img.mytheresa.com/1094/1238/100/jpeg/catalog/product/6e/P00892652_d4.jpg",,,"Upper: fabric,Lining: fabric,Sole: rubber insole and sole,Toe shape: round open toe,Made in Japan,Includes: shoe box, dust bag,Item number: P00892652,True to size,Half sizes please take the next size up,European sizes,Consult our ",https://www.mytheresa.com/int/en/men/sacai-pockets-slides-black-p00892652
"Men,Designers,Valentino Garavani,Shoes,Sneakers,Low-Top",,Low-top sneakers, , ,30% off,"https://img.mytheresa.com/1094/1238/100/jpeg/catalog/product/b0/P00893259.jpg,https://img.mytheresa.com/1094/1238/100/jpeg/catalog/product/b0/P00893259_b1.jpg,https://img.mytheresa.com/1094/1238/100/jpeg/catalog/product/b0/P00893259_b2.jpg,https://img.mytheresa.com/1094/1238/100/jpeg/catalog/product/b0/P00893259_d1.jpg,https://img.mytheresa.com/1094/1238/100/jpeg/catalog/product/b0/P00893259_d2.jpg,https://img.mytheresa.com/1094/1238/100/jpeg/catalog/product/b0/P00893259_d3.jpg,https://img.mytheresa.com/1094/1238/100/jpeg/catalog/product/b0/P00893259_d4.jpg,https://img.mytheresa.com/1094/1238/100/jpeg/catalog/product/b0/P00893259.jpg,https://img.mytheresa.com/1094/1238/100/jpeg/catalog/product/b0/P00893259_b1.jpg,https://img.mytheresa.com/1094/1238/100/jpeg/catalog/product/b0/P00893259_b2.jpg,https://img.mytheresa.com/1094/1238/100/jpeg/catalog/product/b0/P00893259_d1.jpg,https://img.mytheresa.com/1094/1238/100/jpeg/catalog/product/b0/P00893259_d2.jpg,https://img.mytheresa.com/1094/1238/100/jpeg/catalog/product/b0/P00893259_d3.jpg,https://img.mytheresa.com/1094/1238/100/jpeg/catalog/product/b0/P00893259_d4.jpg",Closure: lace-up,,"Upper: fabric,Lining: fabric,Sole: fabric insole, rubber sole,Toe shape: almond toe,Made in Italy,Includes: dust bags, shoe box, extra laces,Designer color name: Bianco-Bianco/Bianco/Bianco,Closure: lace-up,Item number: P00893259,True to size,Half sizes please take the next size up,European sizes,Consult our ",https://www.mytheresa.com/int/en/men/valentino-garavani-low-top-sneakers-white-p00893259
"Men,Designers,Lemaire,Shoes,Sandals & slides",,Leather sandals, , ,40% off,"https://img.mytheresa.com/1094/1238/100/jpeg/catalog/product/d3/P00883714.jpg,https://img.mytheresa.com/1094/1238/100/jpeg/catalog/product/d3/P00883714_b1.jpg,https://img.mytheresa.com/1094/1238/100/jpeg/catalog/product/d3/P00883714_b2.jpg,https://img.mytheresa.com/1094/1238/100/jpeg/catalog/product/d3/P00883714_d1.jpg,https://img.mytheresa.com/1094/1238/100/jpeg/catalog/product/d3/P00883714_d2.jpg,https://img.mytheresa.com/1094/1238/100/jpeg/catalog/product/d3/P00883714_d3.jpg,https://img.mytheresa.com/1094/1238/100/jpeg/catalog/product/d3/P00883714_d4.jpg,https://img.mytheresa.com/1094/1238/100/jpeg/catalog/product/d3/P00883714.jpg,https://img.mytheresa.com/1094/1238/100/jpeg/catalog/product/d3/P00883714_b1.jpg,https://img.mytheresa.com/1094/1238/100/jpeg/catalog/product/d3/P00883714_b2.jpg,https://img.mytheresa.com/1094/1238/100/jpeg/catalog/product/d3/P00883714_d1.jpg,https://img.mytheresa.com/1094/1238/100/jpeg/catalog/product/d3/P00883714_d2.jpg,https://img.mytheresa.com/1094/1238/100/jpeg/catalog/product/d3/P00883714_d3.jpg,https://img.mytheresa.com/1094/1238/100/jpeg/catalog/product/d3/P00883714_d4.jpg",,,"Upper: leather,Lining: leather,Sole: leather insole, rubber sole,Toe shape: round open toe,Made in Portugal,Includes: dust bag, shoe box,Item number: P00883714,True to size,Slightly narrow at the back,Half sizes please take the next size up,European sizes,Consult our ",https://www.mytheresa.com/int/en/men/lemaire-leather-sandals-black-p00883714
"Men,Designers,Kenzo,Shoes,Sneakers,Low-Top",,Kenzo-Pace mesh sneakers, , ,50% off,"https://img.mytheresa.com/1094/1238/100/jpeg/catalog/product/e0/P00882314.jpg,https://img.mytheresa.com/1094/1238/100/jpeg/catalog/product/e0/P00882314_b1.jpg,https://img.mytheresa.com/1094/1238/100/jpeg/catalog/product/e0/P00882314_b2.jpg,https://img.mytheresa.com/1094/1238/100/jpeg/catalog/product/e0/P00882314_d1.jpg,https://img.mytheresa.com/1094/1238/100/jpeg/catalog/product/e0/P00882314_d2.jpg,https://img.mytheresa.com/1094/1238/100/jpeg/catalog/product/e0/P00882314_d3.jpg,https://img.mytheresa.com/1094/1238/100/jpeg/catalog/product/e0/P00882314_d4.jpg,https://img.mytheresa.com/1094/1238/100/jpeg/catalog/product/e0/P00882314.jpg,https://img.mytheresa.com/1094/1238/100/jpeg/catalog/product/e0/P00882314_b1.jpg,https://img.mytheresa.com/1094/1238/100/jpeg/catalog/product/e0/P00882314_b2.jpg,https://img.mytheresa.com/1094/1238/100/jpeg/catalog/product/e0/P00882314_d1.jpg,https://img.mytheresa.com/1094/1238/100/jpeg/catalog/product/e0/P00882314_d2.jpg,https://img.mytheresa.com/1094/1238/100/jpeg/catalog/product/e0/P00882314_d3.jpg,https://img.mytheresa.com/1094/1238/100/jpeg/catalog/product/e0/P00882314_d4.jpg",Item number: P00882314,,"Upper: fabric,Lining: fabric,Sole: fabric insole, rubber sole,Toe shape: almond toe,Made in Vietnam,Includes: dust bag, shoe box,Closure: lace-up,Item number: P00882314,True to size,Half sizes please take the next size up,European sizes,Consult our ",https://www.mytheresa.com/int/en/men/kenzo-kenzo-pace-mesh-sneakers-black-p00882314
"Men,Designers,Valentino Garavani,Shoes,Slippers",,VLogo Signature leather mules, , ,30% off,"https://img.mytheresa.com/1094/1238/100/jpeg/catalog/product/95/P00893272.jpg,https://img.mytheresa.com/1094/1238/100/jpeg/catalog/product/95/P00893272_b1.jpg,https://img.mytheresa.com/1094/1238/100/jpeg/catalog/product/95/P00893272_b2.jpg,https://img.mytheresa.com/1094/1238/100/jpeg/catalog/product/95/P00893272_d1.jpg,https://img.mytheresa.com/1094/1238/100/jpeg/catalog/product/95/P00893272_d2.jpg,https://img.mytheresa.com/1094/1238/100/jpeg/catalog/product/95/P00893272_d3.jpg,https://img.mytheresa.com/1094/1238/100/jpeg/catalog/product/95/P00893272_d4.jpg,https://img.mytheresa.com/1094/1238/100/jpeg/catalog/product/95/P00893272.jpg,https://img.mytheresa.com/1094/1238/100/jpeg/catalog/product/95/P00893272_b1.jpg,https://img.mytheresa.com/1094/1238/100/jpeg/catalog/product/95/P00893272_b2.jpg,https://img.mytheresa.com/1094/1238/100/jpeg/catalog/product/95/P00893272_d1.jpg,https://img.mytheresa.com/1094/1238/100/jpeg/catalog/product/95/P00893272_d2.jpg,https://img.mytheresa.com/1094/1238/100/jpeg/catalog/product/95/P00893272_d3.jpg,https://img.mytheresa.com/1094/1238/100/jpeg/catalog/product/95/P00893272_d4.jpg",Item number: P00893272,,"Upper: leather,Lining: leather,Sole: leather insole and sole,Toe shape: round toe,Made in Italy,Includes: shoe box, dust bags,Designer color name: Fondant,Item number: P00893272,True to size,Half sizes please take the next size up,European sizes,Consult our ",https://www.mytheresa.com/int/en/men/valentino-garavani-vlogo-signature-leather-mules-brown-p00893272
"Men,Designers,Valentino Garavani,Shoes,Slippers",,VLogo Signature leather mules, , ,30% off,"https://img.mytheresa.com/1094/1238/100/jpeg/catalog/product/78/P00893270.jpg,https://img.mytheresa.com/1094/1238/100/jpeg/catalog/product/78/P00893270_b1.jpg,https://img.mytheresa.com/1094/1238/100/jpeg/catalog/product/78/P00893270_b2.jpg,https://img.mytheresa.com/1094/1238/100/jpeg/catalog/product/78/P00893270_d1.jpg,https://img.mytheresa.com/1094/1238/100/jpeg/catalog/product/78/P00893270_d2.jpg,https://img.mytheresa.com/1094/1238/100/jpeg/catalog/product/78/P00893270_d3.jpg,https://img.mytheresa.com/1094/1238/100/jpeg/catalog/product/78/P00893270_d4.jpg,https://img.mytheresa.com/1094/1238/100/jpeg/catalog/product/78/P00893270.jpg,https://img.mytheresa.com/1094/1238/100/jpeg/catalog/product/78/P00893270_b1.jpg,https://img.mytheresa.com/1094/1238/100/jpeg/catalog/product/78/P00893270_b2.jpg,https://img.mytheresa.com/1094/1238/100/jpeg/catalog/product/78/P00893270_d1.jpg,https://img.mytheresa.com/1094/1238/100/jpeg/catalog/product/78/P00893270_d2.jpg,https://img.mytheresa.com/1094/1238/100/jpeg/catalog/product/78/P00893270_d3.jpg,https://img.mytheresa.com/1094/1238/100/jpeg/catalog/product/78/P00893270_d4.jpg",,,"Upper: leather,Lining: leather,Sole: leather insole and sole,Toe shape: round toe,Made in Italy,Includes: shoe box, dust bags,Item number: P00893270,True to size,Half sizes please take the next size up,European sizes,Consult our ",https://www.mytheresa.com/int/en/men/valentino-garavani-vlogo-signature-leather-mules-black-p00893270
"Men,Designers,Acne Studios,Shoes,Formal shoes,Derby",,Leather Derby shoes, , ,30% off,"https://img.mytheresa.com/1094/1238/100/jpeg/catalog/product/6b/P00891864.jpg,https://img.mytheresa.com/1094/1238/100/jpeg/catalog/product/6b/P00891864_b1.jpg,https://img.mytheresa.com/1094/1238/100/jpeg/catalog/product/6b/P00891864_b2.jpg,https://img.mytheresa.com/1094/1238/100/jpeg/catalog/product/6b/P00891864_d1.jpg,https://img.mytheresa.com/1094/1238/100/jpeg/catalog/product/6b/P00891864_d2.jpg,https://img.mytheresa.com/1094/1238/100/jpeg/catalog/product/6b/P00891864_d3.jpg,https://img.mytheresa.com/1094/1238/100/jpeg/catalog/product/6b/P00891864_d4.jpg,https://img.mytheresa.com/1094/1238/100/jpeg/catalog/product/6b/P00891864.jpg,https://img.mytheresa.com/1094/1238/100/jpeg/catalog/product/6b/P00891864_b1.jpg,https://img.mytheresa.com/1094/1238/100/jpeg/catalog/product/6b/P00891864_b2.jpg,https://img.mytheresa.com/1094/1238/100/jpeg/catalog/product/6b/P00891864_d1.jpg,https://img.mytheresa.com/1094/1238/100/jpeg/catalog/product/6b/P00891864_d2.jpg,https://img.mytheresa.com/1094/1238/100/jpeg/catalog/product/6b/P00891864_d3.jpg,https://img.mytheresa.com/1094/1238/100/jpeg/catalog/product/6b/P00891864_d4.jpg",Item number: P00891864,,"Upper: calf leather,Lining: leather,Sole: leather insole, rubber sole,Toe shape: round toe,Made in Italy,Includes: shoe box, dust bags,Closure: lace-up,Item number: P00891864,True to size,Half sizes please take the next size down,European sizes,Consult our ",https://www.mytheresa.com/int/en/men/acne-studios-leather-derby-shoes-black-p00891864
"Men,Designers,Kenzo,Shoes,Sneakers,Low-Top",,PXT leather sneakers, , ,50% off,"https://img.mytheresa.com/1094/1238/100/jpeg/catalog/product/26/P00882310.jpg,https://img.mytheresa.com/1094/1238/100/jpeg/catalog/product/26/P00882310_b1.jpg,https://img.mytheresa.com/1094/1238/100/jpeg/catalog/product/26/P00882310_b2.jpg,https://img.mytheresa.com/1094/1238/100/jpeg/catalog/product/26/P00882310_d1.jpg,https://img.mytheresa.com/1094/1238/100/jpeg/catalog/product/26/P00882310_d2.jpg,https://img.mytheresa.com/1094/1238/100/jpeg/catalog/product/26/P00882310_d3.jpg,https://img.mytheresa.com/1094/1238/100/jpeg/catalog/product/26/P00882310_d4.jpg,https://img.mytheresa.com/1094/1238/100/jpeg/catalog/product/26/P00882310.jpg,https://img.mytheresa.com/1094/1238/100/jpeg/catalog/product/26/P00882310_b1.jpg,https://img.mytheresa.com/1094/1238/100/jpeg/catalog/product/26/P00882310_b2.jpg,https://img.mytheresa.com/1094/1238/100/jpeg/catalog/product/26/P00882310_d1.jpg,https://img.mytheresa.com/1094/1238/100/jpeg/catalog/product/26/P00882310_d2.jpg,https://img.mytheresa.com/1094/1238/100/jpeg/catalog/product/26/P00882310_d3.jpg,https://img.mytheresa.com/1094/1238/100/jpeg/catalog/product/26/P00882310_d4.jpg",,,"Upper: leather, fabric,Lining: fabric,Sole: fabric insole, rubber sole,Toe shape: round toe,Made in Vietnam,Includes: shoe box, dust bag,Item number: P00882310,True to size,Half sizes please take the next size down,European sizes,Consult our ",https://www.mytheresa.com/int/en/men/kenzo-pxt-leather-sneakers-black-p00882310
"Men,Designers,Kenzo,Shoes,Slippers",,Kenzo Matto suede clogs, , ,50% off,"https://img.mytheresa.com/1094/1238/100/jpeg/catalog/product/d4/P00882268.jpg,https://img.mytheresa.com/1094/1238/100/jpeg/catalog/product/d4/P00882268_b1.jpg,https://img.mytheresa.com/1094/1238/100/jpeg/catalog/product/d4/P00882268_b2.jpg,https://img.mytheresa.com/1094/1238/100/jpeg/catalog/product/d4/P00882268_d1.jpg,https://img.mytheresa.com/1094/1238/100/jpeg/catalog/product/d4/P00882268_d2.jpg,https://img.mytheresa.com/1094/1238/100/jpeg/catalog/product/d4/P00882268_d3.jpg,https://img.mytheresa.com/1094/1238/100/jpeg/catalog/product/d4/P00882268_d4.jpg,https://img.mytheresa.com/1094/1238/100/jpeg/catalog/product/d4/P00882268.jpg,https://img.mytheresa.com/1094/1238/100/jpeg/catalog/product/d4/P00882268_b1.jpg,https://img.mytheresa.com/1094/1238/100/jpeg/catalog/product/d4/P00882268_b2.jpg,https://img.mytheresa.com/1094/1238/100/jpeg/catalog/product/d4/P00882268_d1.jpg,https://img.mytheresa.com/1094/1238/100/jpeg/catalog/product/d4/P00882268_d2.jpg,https://img.mytheresa.com/1094/1238/100/jpeg/catalog/product/d4/P00882268_d3.jpg,https://img.mytheresa.com/1094/1238/100/jpeg/catalog/product/d4/P00882268_d4.jpg",Item number: P00882268,,"Upper: calf leather,Lining: leather,Sole: leather insole, rubber sole,Toe shape: round toe,Made in Portugal,Includes: shoe box, dust bag,Designer color name: Beige,Item number: P00882268,True to size,Half sizes please take the next size down,European sizes,Consult our ",https://www.mytheresa.com/int/en/men/kenzo-kenzo-matto-suede-clogs-beige-p00882268
"Men,Designers,Stone Island,Shoes,Sneakers,Designer sneakers",,S0101 suede sneakers, , ,30% off,"https://img.mytheresa.com/1094/1238/100/jpeg/catalog/product/40/P00892954.jpg,https://img.mytheresa.com/1094/1238/100/jpeg/catalog/product/40/P00892954_b1.jpg,https://img.mytheresa.com/1094/1238/100/jpeg/catalog/product/40/P00892954_b2.jpg,https://img.mytheresa.com/1094/1238/100/jpeg/catalog/product/40/P00892954_d1.jpg,https://img.mytheresa.com/1094/1238/100/jpeg/catalog/product/40/P00892954_d2.jpg,https://img.mytheresa.com/1094/1238/100/jpeg/catalog/product/40/P00892954_d3.jpg,https://img.mytheresa.com/1094/1238/100/jpeg/catalog/product/40/P00892954_d4.jpg,https://img.mytheresa.com/1094/1238/100/jpeg/catalog/product/40/P00892954.jpg,https://img.mytheresa.com/1094/1238/100/jpeg/catalog/product/40/P00892954_b1.jpg,https://img.mytheresa.com/1094/1238/100/jpeg/catalog/product/40/P00892954_b2.jpg,https://img.mytheresa.com/1094/1238/100/jpeg/catalog/product/40/P00892954_d1.jpg,https://img.mytheresa.com/1094/1238/100/jpeg/catalog/product/40/P00892954_d2.jpg,https://img.mytheresa.com/1094/1238/100/jpeg/catalog/product/40/P00892954_d3.jpg,https://img.mytheresa.com/1094/1238/100/jpeg/catalog/product/40/P00892954_d4.jpg",Closure: lace-up,,"Upper: leather,Lining: leather,Sole: fabric insole, rubber sole,Toe shape: round toe,Made in China,Includes: extra laces, dust bag, shoe box,Designer color name: Blue Grey,Closure: lace-up,Item number: P00892954,True to size,Half sizes please take the next size up,European sizes,Consult our ",https://www.mytheresa.com/int/en/men/stone-island-s0101-suede-sneakers-grey-p00892954
"Men,Designers,Kenzo,Shoes,Sneakers,Low-Top",,Pace sneakers, , ,50% off,"https://img.mytheresa.com/1094/1238/100/jpeg/catalog/product/bd/P00882282.jpg,https://img.mytheresa.com/1094/1238/100/jpeg/catalog/product/bd/P00882282_b1.jpg,https://img.mytheresa.com/1094/1238/100/jpeg/catalog/product/bd/P00882282_b2.jpg,https://img.mytheresa.com/1094/1238/100/jpeg/catalog/product/bd/P00882282_d1.jpg,https://img.mytheresa.com/1094/1238/100/jpeg/catalog/product/bd/P00882282_d2.jpg,https://img.mytheresa.com/1094/1238/100/jpeg/catalog/product/bd/P00882282_d3.jpg,https://img.mytheresa.com/1094/1238/100/jpeg/catalog/product/bd/P00882282_d4.jpg,https://img.mytheresa.com/1094/1238/100/jpeg/catalog/product/bd/P00882282.jpg,https://img.mytheresa.com/1094/1238/100/jpeg/catalog/product/bd/P00882282_b1.jpg,https://img.mytheresa.com/1094/1238/100/jpeg/catalog/product/bd/P00882282_b2.jpg,https://img.mytheresa.com/1094/1238/100/jpeg/catalog/product/bd/P00882282_d1.jpg,https://img.mytheresa.com/1094/1238/100/jpeg/catalog/product/bd/P00882282_d2.jpg,https://img.mytheresa.com/1094/1238/100/jpeg/catalog/product/bd/P00882282_d3.jpg,https://img.mytheresa.com/1094/1238/100/jpeg/catalog/product/bd/P00882282_d4.jpg",,,"Upper: rubber, fabric,Lining: fabric,Sole: fabric insole, rubber sole,Toe shape: almond toe,Made in Vietnam,Includes: shoe box, dust bag,Item number: P00882282,True to size,Half sizes please take the next size up,European sizes,Consult our ",https://www.mytheresa.com/int/en/men/kenzo-pace-sneakers-white-p00882282
"Men,Designers,Stone Island,Shoes,Sneakers,Designer sneakers",,S0101 suede sneakers, , ,30% off,"https://img.mytheresa.com/1094/1238/100/jpeg/catalog/product/2a/P00892958.jpg,https://img.mytheresa.com/1094/1238/100/jpeg/catalog/product/2a/P00892958_b1.jpg,https://img.mytheresa.com/1094/1238/100/jpeg/catalog/product/2a/P00892958_b2.jpg,https://img.mytheresa.com/1094/1238/100/jpeg/catalog/product/2a/P00892958_d1.jpg,https://img.mytheresa.com/1094/1238/100/jpeg/catalog/product/2a/P00892958_d2.jpg,https://img.mytheresa.com/1094/1238/100/jpeg/catalog/product/2a/P00892958_d3.jpg,https://img.mytheresa.com/1094/1238/100/jpeg/catalog/product/2a/P00892958_d4.jpg,https://img.mytheresa.com/1094/1238/100/jpeg/catalog/product/2a/P00892958.jpg,https://img.mytheresa.com/1094/1238/100/jpeg/catalog/product/2a/P00892958_b1.jpg,https://img.mytheresa.com/1094/1238/100/jpeg/catalog/product/2a/P00892958_b2.jpg,https://img.mytheresa.com/1094/1238/100/jpeg/catalog/product/2a/P00892958_d1.jpg,https://img.mytheresa.com/1094/1238/100/jpeg/catalog/product/2a/P00892958_d2.jpg,https://img.mytheresa.com/1094/1238/100/jpeg/catalog/product/2a/P00892958_d3.jpg,https://img.mytheresa.com/1094/1238/100/jpeg/catalog/product/2a/P00892958_d4.jpg",Closure: lace-up,,"Upper: leather,Lining: leather,Sole: fabric insole, rubber sole,Toe shape: round toe,Made in Italy,Includes: extra laces, dust bag, shoe box,Designer color name: Natural Beige,Closure: lace-up,Item number: P00892958,True to size,Half sizes please take the next size up,European sizes,Consult our ",https://www.mytheresa.com/int/en/men/stone-island-s0101-suede-sneakers-beige-p00892958
"Men,Designers,Acne Studios,Shoes,Sneakers,Designer sneakers",,Suede-trimmed leather sneakers, , ,30% off,"https://img.mytheresa.com/1094/1238/100/jpeg/catalog/product/03/P00891868.jpg,https://img.mytheresa.com/1094/1238/100/jpeg/catalog/product/03/P00891868_b1.jpg,https://img.mytheresa.com/1094/1238/100/jpeg/catalog/product/03/P00891868_b2.jpg,https://img.mytheresa.com/1094/1238/100/jpeg/catalog/product/03/P00891868_d1.jpg,https://img.mytheresa.com/1094/1238/100/jpeg/catalog/product/03/P00891868_d2.jpg,https://img.mytheresa.com/1094/1238/100/jpeg/catalog/product/03/P00891868_d3.jpg,https://img.mytheresa.com/1094/1238/100/jpeg/catalog/product/03/P00891868_d4.jpg,https://img.mytheresa.com/1094/1238/100/jpeg/catalog/product/03/P00891868.jpg,https://img.mytheresa.com/1094/1238/100/jpeg/catalog/product/03/P00891868_b1.jpg,https://img.mytheresa.com/1094/1238/100/jpeg/catalog/product/03/P00891868_b2.jpg,https://img.mytheresa.com/1094/1238/100/jpeg/catalog/product/03/P00891868_d1.jpg,https://img.mytheresa.com/1094/1238/100/jpeg/catalog/product/03/P00891868_d2.jpg,https://img.mytheresa.com/1094/1238/100/jpeg/catalog/product/03/P00891868_d3.jpg,https://img.mytheresa.com/1094/1238/100/jpeg/catalog/product/03/P00891868_d4.jpg",Trim: leather,,"Upper: lamb leather,Lining: fabric,Sole: leather insole, rubber sole,Toe shape: round toe,Made in Italy,Includes: shoe box, dust bags,Designer color name: White/Brown,Trim: leather,Closure: lace-up,Item number: P00891868,True to size,Half sizes please take the next size up,European sizes,Consult our ",https://www.mytheresa.com/int/en/men/acne-studios-suede-trimmed-leather-sneakers-white-p00891868
"Men,Designers,Kenzo,Shoes,Sandals & slides",,Kenzo Matto leather sandals, , ,50% off,"https://img.mytheresa.com/1094/1238/100/jpeg/catalog/product/94/P00882266.jpg,https://img.mytheresa.com/1094/1238/100/jpeg/catalog/product/94/P00882266_b1.jpg,https://img.mytheresa.com/1094/1238/100/jpeg/catalog/product/94/P00882266_b2.jpg,https://img.mytheresa.com/1094/1238/100/jpeg/catalog/product/94/P00882266_d1.jpg,https://img.mytheresa.com/1094/1238/100/jpeg/catalog/product/94/P00882266_d2.jpg,https://img.mytheresa.com/1094/1238/100/jpeg/catalog/product/94/P00882266_d3.jpg,https://img.mytheresa.com/1094/1238/100/jpeg/catalog/product/94/P00882266_d4.jpg,https://img.mytheresa.com/1094/1238/100/jpeg/catalog/product/94/P00882266.jpg,https://img.mytheresa.com/1094/1238/100/jpeg/catalog/product/94/P00882266_b1.jpg,https://img.mytheresa.com/1094/1238/100/jpeg/catalog/product/94/P00882266_b2.jpg,https://img.mytheresa.com/1094/1238/100/jpeg/catalog/product/94/P00882266_d1.jpg,https://img.mytheresa.com/1094/1238/100/jpeg/catalog/product/94/P00882266_d2.jpg,https://img.mytheresa.com/1094/1238/100/jpeg/catalog/product/94/P00882266_d3.jpg,https://img.mytheresa.com/1094/1238/100/jpeg/catalog/product/94/P00882266_d4.jpg",,,"Upper: leather,Lining: leather,Sole: leather insole, rubber sole,Toe shape: round open toe,Made in Portugal,Includes: dust bag, shoe box,Item number: P00882266,True to size,Half sizes please take the next size down,European sizes,Consult our ",https://www.mytheresa.com/int/en/men/kenzo-kenzo-matto-leather-sandals-black-p00882266
"Men,Designers,Kenzo,Shoes,Sneakers,Low-Top",,Dome leather sneakers, , ,50% off,"https://img.mytheresa.com/1094/1238/100/jpeg/catalog/product/58/P00882280.jpg,https://img.mytheresa.com/1094/1238/100/jpeg/catalog/product/58/P00882280_b1.jpg,https://img.mytheresa.com/1094/1238/100/jpeg/catalog/product/58/P00882280_b2.jpg,https://img.mytheresa.com/1094/1238/100/jpeg/catalog/product/58/P00882280_d1.jpg,https://img.mytheresa.com/1094/1238/100/jpeg/catalog/product/58/P00882280_d2.jpg,https://img.mytheresa.com/1094/1238/100/jpeg/catalog/product/58/P00882280_d3.jpg,https://img.mytheresa.com/1094/1238/100/jpeg/catalog/product/58/P00882280_d4.jpg,https://img.mytheresa.com/1094/1238/100/jpeg/catalog/product/58/P00882280.jpg,https://img.mytheresa.com/1094/1238/100/jpeg/catalog/product/58/P00882280_b1.jpg,https://img.mytheresa.com/1094/1238/100/jpeg/catalog/product/58/P00882280_b2.jpg,https://img.mytheresa.com/1094/1238/100/jpeg/catalog/product/58/P00882280_d1.jpg,https://img.mytheresa.com/1094/1238/100/jpeg/catalog/product/58/P00882280_d2.jpg,https://img.mytheresa.com/1094/1238/100/jpeg/catalog/product/58/P00882280_d3.jpg,https://img.mytheresa.com/1094/1238/100/jpeg/catalog/product/58/P00882280_d4.jpg",Closure: lace-up,,"Upper: calf leather,Lining: fabric,Sole: fabric insole, rubber sole,Toe shape: round toe,Made in Vietnam,Includes: shoe box, dust bag, extra laces,Designer color name: Dark Camel,Closure: lace-up,Item number: P00882280,True to size,Half sizes please take the next size up,European sizes,Consult our ",https://www.mytheresa.com/int/en/men/kenzo-dome-leather-sneakers-beige-p00882280
"Men,Designers,Thom Browne,Shoes,Boots,Lace up boots",,Leather lace-up brogue boots, , ,60% off,"https://img.mytheresa.com/1094/1238/100/jpeg/catalog/product/d2/P00876128.jpg,https://img.mytheresa.com/1094/1238/100/jpeg/catalog/product/d2/P00876128_b1.jpg,https://img.mytheresa.com/1094/1238/100/jpeg/catalog/product/d2/P00876128_b2.jpg,https://img.mytheresa.com/1094/1238/100/jpeg/catalog/product/d2/P00876128_d1.jpg,https://img.mytheresa.com/1094/1238/100/jpeg/catalog/product/d2/P00876128_d2.jpg,https://img.mytheresa.com/1094/1238/100/jpeg/catalog/product/d2/P00876128_d3.jpg,https://img.mytheresa.com/1094/1238/100/jpeg/catalog/product/d2/P00876128_d4.jpg,https://img.mytheresa.com/1094/1238/100/jpeg/catalog/product/d2/P00876128.jpg,https://img.mytheresa.com/1094/1238/100/jpeg/catalog/product/d2/P00876128_b1.jpg,https://img.mytheresa.com/1094/1238/100/jpeg/catalog/product/d2/P00876128_b2.jpg,https://img.mytheresa.com/1094/1238/100/jpeg/catalog/product/d2/P00876128_d1.jpg,https://img.mytheresa.com/1094/1238/100/jpeg/catalog/product/d2/P00876128_d2.jpg,https://img.mytheresa.com/1094/1238/100/jpeg/catalog/product/d2/P00876128_d3.jpg,https://img.mytheresa.com/1094/1238/100/jpeg/catalog/product/d2/P00876128_d4.jpg",Closure: lace-up,,"Upper: calf leather,Lining: leather,Sole: leather insole and sole,Toe shape: round toe,Made in the UK,Includes: dust bags, dust bag,Designer color name: Brown,Closure: lace-up,Item number: P00876128,True to size,Half sizes please take the next size down,US sizes,Consult our ",https://www.mytheresa.com/int/en/men/thom-browne-leather-lace-up-boots-brown-p00876128
"Men,Designers,Acne Studios,Shoes,Sneakers,Low-Top",,Bars M suede-trimmed sneakers, , ,30% off,"https://img.mytheresa.com/1094/1238/100/jpeg/catalog/product/6f/P00891867.jpg,https://img.mytheresa.com/1094/1238/100/jpeg/catalog/product/6f/P00891867_b1.jpg,https://img.mytheresa.com/1094/1238/100/jpeg/catalog/product/6f/P00891867_b2.jpg,https://img.mytheresa.com/1094/1238/100/jpeg/catalog/product/6f/P00891867_d1.jpg,https://img.mytheresa.com/1094/1238/100/jpeg/catalog/product/6f/P00891867_d2.jpg,https://img.mytheresa.com/1094/1238/100/jpeg/catalog/product/6f/P00891867_d3.jpg,https://img.mytheresa.com/1094/1238/100/jpeg/catalog/product/6f/P00891867_d4.jpg,https://img.mytheresa.com/1094/1238/100/jpeg/catalog/product/6f/P00891867.jpg,https://img.mytheresa.com/1094/1238/100/jpeg/catalog/product/6f/P00891867_b1.jpg,https://img.mytheresa.com/1094/1238/100/jpeg/catalog/product/6f/P00891867_b2.jpg,https://img.mytheresa.com/1094/1238/100/jpeg/catalog/product/6f/P00891867_d1.jpg,https://img.mytheresa.com/1094/1238/100/jpeg/catalog/product/6f/P00891867_d2.jpg,https://img.mytheresa.com/1094/1238/100/jpeg/catalog/product/6f/P00891867_d3.jpg,https://img.mytheresa.com/1094/1238/100/jpeg/catalog/product/6f/P00891867_d4.jpg",Closure: lace-up,,"Upper: leather,Lining: fabric,Sole: leather insole, rubber sole,Toe shape: round toe,Made in Italy,Includes: dust bags, shoe box,Designer color name: Light Blue/Brown,Closure: lace-up,Item number: P00891867,True to size,Half sizes please take the next size up,European sizes,Consult our ",https://www.mytheresa.com/int/en/men/acne-studios-bars-m-suede-trimmed-sneakers-blue-p00891867
"Men,Designers,Valentino Garavani,Shoes,Sneakers,Low-Top",,True Act low-top sneakers, , ,30% off,"https://img.mytheresa.com/1094/1238/100/jpeg/catalog/product/a6/P00893257.jpg,https://img.mytheresa.com/1094/1238/100/jpeg/catalog/product/a6/P00893257_b1.jpg,https://img.mytheresa.com/1094/1238/100/jpeg/catalog/product/a6/P00893257_b2.jpg,https://img.mytheresa.com/1094/1238/100/jpeg/catalog/product/a6/P00893257_d1.jpg,https://img.mytheresa.com/1094/1238/100/jpeg/catalog/product/a6/P00893257_d2.jpg,https://img.mytheresa.com/1094/1238/100/jpeg/catalog/product/a6/P00893257_d3.jpg,https://img.mytheresa.com/1094/1238/100/jpeg/catalog/product/a6/P00893257_d4.jpg,https://img.mytheresa.com/1094/1238/100/jpeg/catalog/product/a6/P00893257.jpg,https://img.mytheresa.com/1094/1238/100/jpeg/catalog/product/a6/P00893257_b1.jpg,https://img.mytheresa.com/1094/1238/100/jpeg/catalog/product/a6/P00893257_b2.jpg,https://img.mytheresa.com/1094/1238/100/jpeg/catalog/product/a6/P00893257_d1.jpg,https://img.mytheresa.com/1094/1238/100/jpeg/catalog/product/a6/P00893257_d2.jpg,https://img.mytheresa.com/1094/1238/100/jpeg/catalog/product/a6/P00893257_d3.jpg,https://img.mytheresa.com/1094/1238/100/jpeg/catalog/product/a6/P00893257_d4.jpg",Closure: lace-up,,"Upper: fabric,Lining: fabric,Sole: fabric insole, rubber sole,Toe shape: round toe,Made in Italy,Includes: shoe box, dust bags, extra laces,Designer color name: Nero-Bianco/Bianco/Bia-Ne,Closure: lace-up,Trim: leather,Item number: P00893257,True to size,Half sizes please take the next size up,European sizes,Consult our ",https://www.mytheresa.com/int/en/men/valentino-garavani-true-act-low-top-sneakers-white-p00893257
"Men,Designers,Junya Watanabe,Shoes,Sneakers,Low-Top",,x New Balance URC42 leather sneakers, , ,30% off,"https://img.mytheresa.com/1094/1238/100/jpeg/catalog/product/80/P00910588.jpg,https://img.mytheresa.com/1094/1238/100/jpeg/catalog/product/80/P00910588_b1.jpg,https://img.mytheresa.com/1094/1238/100/jpeg/catalog/product/80/P00910588_b2.jpg,https://img.mytheresa.com/1094/1238/100/jpeg/catalog/product/80/P00910588_d1.jpg,https://img.mytheresa.com/1094/1238/100/jpeg/catalog/product/80/P00910588_d2.jpg,https://img.mytheresa.com/1094/1238/100/jpeg/catalog/product/80/P00910588_d3.jpg,https://img.mytheresa.com/1094/1238/100/jpeg/catalog/product/80/P00910588_d4.jpg,https://img.mytheresa.com/1094/1238/100/jpeg/catalog/product/80/P00910588.jpg,https://img.mytheresa.com/1094/1238/100/jpeg/catalog/product/80/P00910588_b1.jpg,https://img.mytheresa.com/1094/1238/100/jpeg/catalog/product/80/P00910588_b2.jpg,https://img.mytheresa.com/1094/1238/100/jpeg/catalog/product/80/P00910588_d1.jpg,https://img.mytheresa.com/1094/1238/100/jpeg/catalog/product/80/P00910588_d2.jpg,https://img.mytheresa.com/1094/1238/100/jpeg/catalog/product/80/P00910588_d3.jpg,https://img.mytheresa.com/1094/1238/100/jpeg/catalog/product/80/P00910588_d4.jpg",,,"Upper: leather,Lining: fabric,Sole: fabric insole, rubber sole,Toe shape: round toe,Made in Vietnam,Includes: shoe box,Item number: P00910588,Fits small to size - we recommend trying one size larger,US sizes,Consult our ",https://www.mytheresa.com/int/en/men/junya-watanabe-x-new-balance-urc42-leather-sneakers-white-p00910588
"Men,Designers,Kenzo,Shoes,Sneakers,Low-Top",,x Asics sneakers, , ,40% off,"https://img.mytheresa.com/1094/1238/100/jpeg/catalog/product/ac/P00860766.jpg,https://img.mytheresa.com/1094/1238/100/jpeg/catalog/product/ac/P00860766_b1.jpg,https://img.mytheresa.com/1094/1238/100/jpeg/catalog/product/ac/P00860766_b2.jpg,https://img.mytheresa.com/1094/1238/100/jpeg/catalog/product/ac/P00860766_d1.jpg,https://img.mytheresa.com/1094/1238/100/jpeg/catalog/product/ac/P00860766_d2.jpg,https://img.mytheresa.com/1094/1238/100/jpeg/catalog/product/ac/P00860766_d3.jpg,https://img.mytheresa.com/1094/1238/100/jpeg/catalog/product/ac/P00860766_d4.jpg,https://img.mytheresa.com/1094/1238/100/jpeg/catalog/product/ac/P00860766.jpg,https://img.mytheresa.com/1094/1238/100/jpeg/catalog/product/ac/P00860766_b1.jpg,https://img.mytheresa.com/1094/1238/100/jpeg/catalog/product/ac/P00860766_b2.jpg,https://img.mytheresa.com/1094/1238/100/jpeg/catalog/product/ac/P00860766_d1.jpg,https://img.mytheresa.com/1094/1238/100/jpeg/catalog/product/ac/P00860766_d2.jpg,https://img.mytheresa.com/1094/1238/100/jpeg/catalog/product/ac/P00860766_d3.jpg,https://img.mytheresa.com/1094/1238/100/jpeg/catalog/product/ac/P00860766_d4.jpg",Closure: lace-up,,"Upper: fabric,Lining: fabric,Sole: fabric insole, rubber sole,Toe shape: round toe,Made in Cambodia,Includes: shoe box,Designer color name: Multicolor,Closure: lace-up,Item number: P00860766,Fits slightly small to size - we recommend trying a half size larger,US sizes,Consult our ",https://www.mytheresa.com/int/en/men/kenzo-x-asics-sneakers-multicoloured-p00860766
"Men,Designers,Junya Watanabe,Shoes,Sneakers,Low-Top",,x New Balance URC42 leather sneakers, , ,30% off,"https://img.mytheresa.com/1094/1238/100/jpeg/catalog/product/ad/P00910589.jpg,https://img.mytheresa.com/1094/1238/100/jpeg/catalog/product/ad/P00910589_b1.jpg,https://img.mytheresa.com/1094/1238/100/jpeg/catalog/product/ad/P00910589_b2.jpg,https://img.mytheresa.com/1094/1238/100/jpeg/catalog/product/ad/P00910589_d1.jpg,https://img.mytheresa.com/1094/1238/100/jpeg/catalog/product/ad/P00910589_d2.jpg,https://img.mytheresa.com/1094/1238/100/jpeg/catalog/product/ad/P00910589_d3.jpg,https://img.mytheresa.com/1094/1238/100/jpeg/catalog/product/ad/P00910589_d4.jpg,https://img.mytheresa.com/1094/1238/100/jpeg/catalog/product/ad/P00910589.jpg,https://img.mytheresa.com/1094/1238/100/jpeg/catalog/product/ad/P00910589_b1.jpg,https://img.mytheresa.com/1094/1238/100/jpeg/catalog/product/ad/P00910589_b2.jpg,https://img.mytheresa.com/1094/1238/100/jpeg/catalog/product/ad/P00910589_d1.jpg,https://img.mytheresa.com/1094/1238/100/jpeg/catalog/product/ad/P00910589_d2.jpg,https://img.mytheresa.com/1094/1238/100/jpeg/catalog/product/ad/P00910589_d3.jpg,https://img.mytheresa.com/1094/1238/100/jpeg/catalog/product/ad/P00910589_d4.jpg",,,"Upper: leather,Lining: fabric,Sole: fabric insole, rubber sole,Toe shape: round toe,Made in Vietnam,Includes: shoe box,Item number: P00910589,Fits small to size - we recommend trying one size larger,US sizes,Consult our ",https://www.mytheresa.com/int/en/men/junya-watanabe-x-new-balance-urc42-leather-sneakers-black-p00910589
"Men,Designers,Valentino Garavani,Shoes,Loafers",,Rockstud M-Way leather loafers, , ,30% off,"https://img.mytheresa.com/1094/1238/100/jpeg/catalog/product/3f/P00893255.jpg,https://img.mytheresa.com/1094/1238/100/jpeg/catalog/product/3f/P00893255_b1.jpg,https://img.mytheresa.com/1094/1238/100/jpeg/catalog/product/3f/P00893255_b2.jpg,https://img.mytheresa.com/1094/1238/100/jpeg/catalog/product/3f/P00893255_d1.jpg,https://img.mytheresa.com/1094/1238/100/jpeg/catalog/product/3f/P00893255_d2.jpg,https://img.mytheresa.com/1094/1238/100/jpeg/catalog/product/3f/P00893255_d3.jpg,https://img.mytheresa.com/1094/1238/100/jpeg/catalog/product/3f/P00893255_d4.jpg,https://img.mytheresa.com/1094/1238/100/jpeg/catalog/product/3f/P00893255.jpg,https://img.mytheresa.com/1094/1238/100/jpeg/catalog/product/3f/P00893255_b1.jpg,https://img.mytheresa.com/1094/1238/100/jpeg/catalog/product/3f/P00893255_b2.jpg,https://img.mytheresa.com/1094/1238/100/jpeg/catalog/product/3f/P00893255_d1.jpg,https://img.mytheresa.com/1094/1238/100/jpeg/catalog/product/3f/P00893255_d2.jpg,https://img.mytheresa.com/1094/1238/100/jpeg/catalog/product/3f/P00893255_d3.jpg,https://img.mytheresa.com/1094/1238/100/jpeg/catalog/product/3f/P00893255_d4.jpg",,,"Upper: leather,Lining: leather,Sole: leather insole, rubber sole,Toe shape: almond toe,Made in Italy,Includes: dust bags, shoe box,Item number: P00893255,True to size,Half sizes please take the next size up,European sizes,Consult our ",https://www.mytheresa.com/int/en/men/valentino-garavani-rockstud-m-way-leather-loafers-black-p00893255
"Men,Designers,Kenzo,Shoes,Sneakers,Low-Top",,Pace low-top sneakers, , ,50% off,"https://img.mytheresa.com/1094/1238/100/jpeg/catalog/product/0b/P00882315.jpg,https://img.mytheresa.com/1094/1238/100/jpeg/catalog/product/0b/P00882315_b1.jpg,https://img.mytheresa.com/1094/1238/100/jpeg/catalog/product/0b/P00882315_b2.jpg,https://img.mytheresa.com/1094/1238/100/jpeg/catalog/product/0b/P00882315_d1.jpg,https://img.mytheresa.com/1094/1238/100/jpeg/catalog/product/0b/P00882315_d2.jpg,https://img.mytheresa.com/1094/1238/100/jpeg/catalog/product/0b/P00882315_d3.jpg,https://img.mytheresa.com/1094/1238/100/jpeg/catalog/product/0b/P00882315_d4.jpg,https://img.mytheresa.com/1094/1238/100/jpeg/catalog/product/0b/P00882315.jpg,https://img.mytheresa.com/1094/1238/100/jpeg/catalog/product/0b/P00882315_b1.jpg,https://img.mytheresa.com/1094/1238/100/jpeg/catalog/product/0b/P00882315_b2.jpg,https://img.mytheresa.com/1094/1238/100/jpeg/catalog/product/0b/P00882315_d1.jpg,https://img.mytheresa.com/1094/1238/100/jpeg/catalog/product/0b/P00882315_d2.jpg,https://img.mytheresa.com/1094/1238/100/jpeg/catalog/product/0b/P00882315_d3.jpg,https://img.mytheresa.com/1094/1238/100/jpeg/catalog/product/0b/P00882315_d4.jpg",Closure: lace-up,,"Upper: fabric,Lining: fabric,Sole: fabric insole, rubber sole,Toe shape: round toe,Made in Vietnam,Includes: shoe box, dust bag,Designer color name: Medium Red ,Closure: lace-up,Trim: rubber,Item number: P00882315,True to size,Half sizes please take the next size up,European sizes,Consult our ",https://www.mytheresa.com/int/en/men/kenzo-pace-low-top-sneakers-red-p00882315
"Men,Designers,Tom Ford,Shoes,Sandals & slides",,Logo velvet slides , , ,40% off,"https://img.mytheresa.com/1094/1238/100/jpeg/catalog/product/4a/P00945616.jpg,https://img.mytheresa.com/1094/1238/100/jpeg/catalog/product/4a/P00945616_b1.jpg,https://img.mytheresa.com/1094/1238/100/jpeg/catalog/product/4a/P00945616_b2.jpg,https://img.mytheresa.com/1094/1238/100/jpeg/catalog/product/4a/P00945616_d1.jpg,https://img.mytheresa.com/1094/1238/100/jpeg/catalog/product/4a/P00945616_d2.jpg,https://img.mytheresa.com/1094/1238/100/jpeg/catalog/product/4a/P00945616_d3.jpg,https://img.mytheresa.com/1094/1238/100/jpeg/catalog/product/4a/P00945616_d4.jpg,https://img.mytheresa.com/1094/1238/100/jpeg/catalog/product/4a/P00945616.jpg,https://img.mytheresa.com/1094/1238/100/jpeg/catalog/product/4a/P00945616_b1.jpg,https://img.mytheresa.com/1094/1238/100/jpeg/catalog/product/4a/P00945616_b2.jpg,https://img.mytheresa.com/1094/1238/100/jpeg/catalog/product/4a/P00945616_d1.jpg,https://img.mytheresa.com/1094/1238/100/jpeg/catalog/product/4a/P00945616_d2.jpg,https://img.mytheresa.com/1094/1238/100/jpeg/catalog/product/4a/P00945616_d3.jpg,https://img.mytheresa.com/1094/1238/100/jpeg/catalog/product/4a/P00945616_d4.jpg",,,"Upper: fabric,Lining: fabric,Sole: fabric insole, rubber sole,Toe shape: round open toe,Made in Italy,Includes: dust bag, shoe box,Item number: P00945616,Fits small to size - we recommend trying one size larger,UK sizes,Consult our ",https://www.mytheresa.com/int/en/men/tom-ford-logo-velvet-slides-black-p00945616
"Men,Designers,Junya Watanabe,Shoes,Sneakers,Low-Top",,x Oakley suede slip-on sneakers, , ,30% off,"https://img.mytheresa.com/1094/1238/100/jpeg/catalog/product/0a/P00910590.jpg,https://img.mytheresa.com/1094/1238/100/jpeg/catalog/product/0a/P00910590_b1.jpg,https://img.mytheresa.com/1094/1238/100/jpeg/catalog/product/0a/P00910590_b2.jpg,https://img.mytheresa.com/1094/1238/100/jpeg/catalog/product/0a/P00910590_d1.jpg,https://img.mytheresa.com/1094/1238/100/jpeg/catalog/product/0a/P00910590_d2.jpg,https://img.mytheresa.com/1094/1238/100/jpeg/catalog/product/0a/P00910590_d3.jpg,https://img.mytheresa.com/1094/1238/100/jpeg/catalog/product/0a/P00910590_d4.jpg,https://img.mytheresa.com/1094/1238/100/jpeg/catalog/product/0a/P00910590.jpg,https://img.mytheresa.com/1094/1238/100/jpeg/catalog/product/0a/P00910590_b1.jpg,https://img.mytheresa.com/1094/1238/100/jpeg/catalog/product/0a/P00910590_b2.jpg,https://img.mytheresa.com/1094/1238/100/jpeg/catalog/product/0a/P00910590_d1.jpg,https://img.mytheresa.com/1094/1238/100/jpeg/catalog/product/0a/P00910590_d2.jpg,https://img.mytheresa.com/1094/1238/100/jpeg/catalog/product/0a/P00910590_d3.jpg,https://img.mytheresa.com/1094/1238/100/jpeg/catalog/product/0a/P00910590_d4.jpg",Item number: P00910590,,"Upper: fabric,Lining: fabric,Sole: fabric insole, rubber sole,Toe shape: round toe,Made in China,Includes: shoe box,Trim: rubber,Item number: P00910590,True to size,Half sizes please take the next size up,US sizes,Consult our ",https://www.mytheresa.com/int/en/men/junya-watanabe-x-oakley-suede-slip-on-sneakers-black-p00910590
"Men,Designers,Manolo Blahnik,Shoes,Boots,Lace up boots",,Berwick leather desert boots, , ,30% off,"https://img.mytheresa.com/1094/1238/100/jpeg/catalog/product/d8/P00894019.jpg,https://img.mytheresa.com/1094/1238/100/jpeg/catalog/product/d8/P00894019_b1.jpg,https://img.mytheresa.com/1094/1238/100/jpeg/catalog/product/d8/P00894019_b2.jpg,https://img.mytheresa.com/1094/1238/100/jpeg/catalog/product/d8/P00894019_d1.jpg,https://img.mytheresa.com/1094/1238/100/jpeg/catalog/product/d8/P00894019_d2.jpg,https://img.mytheresa.com/1094/1238/100/jpeg/catalog/product/d8/P00894019_d3.jpg,https://img.mytheresa.com/1094/1238/100/jpeg/catalog/product/d8/P00894019_d4.jpg,https://img.mytheresa.com/1094/1238/100/jpeg/catalog/product/d8/P00894019.jpg,https://img.mytheresa.com/1094/1238/100/jpeg/catalog/product/d8/P00894019_b1.jpg,https://img.mytheresa.com/1094/1238/100/jpeg/catalog/product/d8/P00894019_b2.jpg,https://img.mytheresa.com/1094/1238/100/jpeg/catalog/product/d8/P00894019_d1.jpg,https://img.mytheresa.com/1094/1238/100/jpeg/catalog/product/d8/P00894019_d2.jpg,https://img.mytheresa.com/1094/1238/100/jpeg/catalog/product/d8/P00894019_d3.jpg,https://img.mytheresa.com/1094/1238/100/jpeg/catalog/product/d8/P00894019_d4.jpg",Closure: lace-up,,"Upper: leather,Lining: leather,Sole: leather insole and sole,Toe shape: almond toe,Handmade in Italy,Includes: shoe box, dust bags, extra laces,Designer color name: 2029 Dbrw,Closure: lace-up,Item number: P00894019,True to size,Half sizes please take the next size up,UK sizes,Consult our ",https://www.mytheresa.com/int/en/men/manolo-blahnik-berwick-leather-desert-boots-black-p00894019
"Men,Designers,Manolo Blahnik,Shoes,Loafers",,Ellis leather loafers, , ,30% off,"https://img.mytheresa.com/1094/1238/100/jpeg/catalog/product/34/P00894018.jpg,https://img.mytheresa.com/1094/1238/100/jpeg/catalog/product/34/P00894018_b1.jpg,https://img.mytheresa.com/1094/1238/100/jpeg/catalog/product/34/P00894018_b2.jpg,https://img.mytheresa.com/1094/1238/100/jpeg/catalog/product/34/P00894018_d1.jpg,https://img.mytheresa.com/1094/1238/100/jpeg/catalog/product/34/P00894018_d2.jpg,https://img.mytheresa.com/1094/1238/100/jpeg/catalog/product/34/P00894018_d3.jpg,https://img.mytheresa.com/1094/1238/100/jpeg/catalog/product/34/P00894018_d4.jpg,https://img.mytheresa.com/1094/1238/100/jpeg/catalog/product/34/P00894018.jpg,https://img.mytheresa.com/1094/1238/100/jpeg/catalog/product/34/P00894018_b1.jpg,https://img.mytheresa.com/1094/1238/100/jpeg/catalog/product/34/P00894018_b2.jpg,https://img.mytheresa.com/1094/1238/100/jpeg/catalog/product/34/P00894018_d1.jpg,https://img.mytheresa.com/1094/1238/100/jpeg/catalog/product/34/P00894018_d2.jpg,https://img.mytheresa.com/1094/1238/100/jpeg/catalog/product/34/P00894018_d3.jpg,https://img.mytheresa.com/1094/1238/100/jpeg/catalog/product/34/P00894018_d4.jpg",Item number: P00894018,,"Upper: leather,Lining: leather,Sole: leather insole, rubber sole,Toe shape: round toe,Made in Italy,Includes: dust bag, shoe box,Designer color name: 4102 Navy,Item number: P00894018,Fits slightly large to size - we recommend trying a half size smaller,UK sizes,Consult our ",https://www.mytheresa.com/int/en/men/manolo-blahnik-ellis-leather-loafers-blue-p00894018
Men,,, , ,30% off,,,,,https://www.mytheresa.com/int/en/men/shoes?saleStatus=only
"Men,Designers,Manolo Blahnik,Shoes,Loafers",,Ellis suede loafers, , ,30% off,"https://img.mytheresa.com/1094/1238/100/jpeg/catalog/product/76/P00935025.jpg,https://img.mytheresa.com/1094/1238/100/jpeg/catalog/product/76/P00935025_b1.jpg,https://img.mytheresa.com/1094/1238/100/jpeg/catalog/product/76/P00935025_b2.jpg,https://img.mytheresa.com/1094/1238/100/jpeg/catalog/product/76/P00935025_d1.jpg,https://img.mytheresa.com/1094/1238/100/jpeg/catalog/product/76/P00935025_d2.jpg,https://img.mytheresa.com/1094/1238/100/jpeg/catalog/product/76/P00935025_d3.jpg,https://img.mytheresa.com/1094/1238/100/jpeg/catalog/product/76/P00935025_d4.jpg,https://img.mytheresa.com/1094/1238/100/jpeg/catalog/product/76/P00935025.jpg,https://img.mytheresa.com/1094/1238/100/jpeg/catalog/product/76/P00935025_b1.jpg,https://img.mytheresa.com/1094/1238/100/jpeg/catalog/product/76/P00935025_b2.jpg,https://img.mytheresa.com/1094/1238/100/jpeg/catalog/product/76/P00935025_d1.jpg,https://img.mytheresa.com/1094/1238/100/jpeg/catalog/product/76/P00935025_d2.jpg,https://img.mytheresa.com/1094/1238/100/jpeg/catalog/product/76/P00935025_d3.jpg,https://img.mytheresa.com/1094/1238/100/jpeg/catalog/product/76/P00935025_d4.jpg",Item number: P00935025,,"Upper: calf leather,Lining: leather,Sole: leather insole, rubber sole,Toe shape: round toe,Made in Italy,Includes: shoe box, dust bag,Designer color name: 3511 Dkha,Item number: P00935025,Fits slightly large to size - we recommend trying a half size smaller,UK sizes,Consult our ",https://www.mytheresa.com/int/en/men/manolo-blahnik-ellis-suede-loafers-green-p00935025
"Men,Designers,Manolo Blahnik,Shoes,Boots,Lace up boots",,Berwick leather desert boots, , ,30% off,"https://img.mytheresa.com/1094/1238/100/jpeg/catalog/product/6a/P00894031.jpg,https://img.mytheresa.com/1094/1238/100/jpeg/catalog/product/6a/P00894031_b1.jpg,https://img.mytheresa.com/1094/1238/100/jpeg/catalog/product/6a/P00894031_b2.jpg,https://img.mytheresa.com/1094/1238/100/jpeg/catalog/product/6a/P00894031_d1.jpg,https://img.mytheresa.com/1094/1238/100/jpeg/catalog/product/6a/P00894031_d2.jpg,https://img.mytheresa.com/1094/1238/100/jpeg/catalog/product/6a/P00894031_d3.jpg,https://img.mytheresa.com/1094/1238/100/jpeg/catalog/product/6a/P00894031_d4.jpg,https://img.mytheresa.com/1094/1238/100/jpeg/catalog/product/6a/P00894031.jpg,https://img.mytheresa.com/1094/1238/100/jpeg/catalog/product/6a/P00894031_b1.jpg,https://img.mytheresa.com/1094/1238/100/jpeg/catalog/product/6a/P00894031_b2.jpg,https://img.mytheresa.com/1094/1238/100/jpeg/catalog/product/6a/P00894031_d1.jpg,https://img.mytheresa.com/1094/1238/100/jpeg/catalog/product/6a/P00894031_d2.jpg,https://img.mytheresa.com/1094/1238/100/jpeg/catalog/product/6a/P00894031_d3.jpg,https://img.mytheresa.com/1094/1238/100/jpeg/catalog/product/6a/P00894031_d4.jpg",Closure: lace-up,,"Upper: leather,Lining: leather,Sole: leather insole and sole,Toe shape: almond toe,Handmade in Italy,Includes: shoe box, dust bags, extra laces,Designer color name: 0015 Blck,Closure: lace-up,Item number: P00894031,True to size,Half sizes please take the next size up,UK sizes,Consult our ",https://www.mytheresa.com/int/en/men/manolo-blahnik-berwick-leather-desert-boots-black-p00894031
"Men,Designers,Manolo Blahnik,Shoes,Sneakers,Designer sneakers",,Nadores suede slip-on shoes, , ,40% off,"https://img.mytheresa.com/1094/1238/100/jpeg/catalog/product/3d/P00894009.jpg,https://img.mytheresa.com/1094/1238/100/jpeg/catalog/product/3d/P00894009_b1.jpg,https://img.mytheresa.com/1094/1238/100/jpeg/catalog/product/3d/P00894009_b2.jpg,https://img.mytheresa.com/1094/1238/100/jpeg/catalog/product/3d/P00894009_d2.jpg,https://img.mytheresa.com/1094/1238/100/jpeg/catalog/product/3d/P00894009_d3.jpg,https://img.mytheresa.com/1094/1238/100/jpeg/catalog/product/3d/P00894009_d4.jpg,https://img.mytheresa.com/1094/1238/100/jpeg/catalog/product/3d/P00894009.jpg,https://img.mytheresa.com/1094/1238/100/jpeg/catalog/product/3d/P00894009_b1.jpg,https://img.mytheresa.com/1094/1238/100/jpeg/catalog/product/3d/P00894009_b2.jpg,https://img.mytheresa.com/1094/1238/100/jpeg/catalog/product/3d/P00894009_d2.jpg,https://img.mytheresa.com/1094/1238/100/jpeg/catalog/product/3d/P00894009_d3.jpg,https://img.mytheresa.com/1094/1238/100/jpeg/catalog/product/3d/P00894009_d4.jpg",Item number: P00894009,,"Upper: leather,Lining: leather,Sole: leather insole, rubber sole,Toe shape: round toe,Made in Italy,Includes: dust bag, shoe box,Designer color name: 6819 Lpnk,Item number: P00894009,Fits large to size - we recommend trying one size smaller,UK sizes,Consult our ",https://www.mytheresa.com/int/en/men/manolo-blahnik-nadores-suede-slip-on-shoes-pink-p00894009
Men,,, , ,30% off,,,,,https://www.mytheresa.com/int/en/men/shoes?saleStatus=none
Men,,, , ,30% off,,,,,https://www.mytheresa.com/int/en/men/shoes?saleStatus=all
Men,,, , ,30% off,,,,,https://www.mytheresa.com/int/en/men/shoes?patterns=camouflage
Men,,, , ,40% off,,,,,https://www.mytheresa.com/int/en/men/shoes?patterns=embroidered
Men,,, , ,40% off,,,,,https://www.mytheresa.com/int/en/men/shoes?patterns=striped
Men,,, , ,40% off,,,,,https://www.mytheresa.com/int/en/men/shoes?patterns=printed
Men,,, ,,,,,,,https://www.mytheresa.com/int/en/men/shoes?patterns=checked
Men,,, , ,30% off,,,,,https://www.mytheresa.com/int/en/men/shoes?patterns=plain
Men,,, , ,30% off,,,,,https://www.mytheresa.com/int/en/men/shoes?patterns=embellished
Men,,, , ,40% off,,,,,https://www.mytheresa.com/int/en/men/shoes?patterns=patterned
